demand_line_id,asn,part_number,delivery_date,quantity_needed,batch,plant,quantity_allocated
DL00001,ASN500055,P1000,2026-01-29,96,B00001,PLT-01,19
DL00001,ASN500055,P1000,2026-01-29,96,B00001,PLT-03,62
DL00001,ASN500055,P1000,2026-01-29,96,B00002,PLT-01,15
DL00002,ASN500000,P1000,2026-02-23,90,B00002,PLT-01,90
DL00003,ASN500021,P1000,2026-02-10,126,B00002,PLT-01,126
DL00004,ASN500051,P1001,2026-03-11,68,B00003,PLT-02,68
DL00005,ASN500001,P1001,2026-02-08,28,B00003,PLT-02,28
DL00006,ASN500022,P1001,2026-02-26,41,B00003,PLT-02,41
DL00007,ASN500010,P1001,2026-01-08,105,B00003,PLT-02,105
DL00008,ASN500076,P1001,2026-03-27,82,B00003,PLT-02,82
DL00009,ASN500021,P1002,2026-03-14,154,B00004,PLT-01,19
DL00009,ASN500021,P1002,2026-03-14,154,B00004,PLT-02,8
DL00009,ASN500021,P1002,2026-03-14,154,B00005,PLT-02,82
DL00009,ASN500021,P1002,2026-03-14,154,B00006,PLT-01,45
DL00010,ASN500039,P1002,2026-04-30,173,B00006,PLT-01,91
DL00011,ASN500099,P1003,2026-04-08,88,B00007,PLT-03,88
DL00012,ASN500126,P1003,2026-02-11,43,B00007,PLT-03,29
DL00012,ASN500126,P1003,2026-02-11,43,B00008,PLT-02,14
DL00013,ASN500037,P1003,2026-04-21,16,B00008,PLT-02,16
DL00014,ASN500131,P1003,2026-03-01,165,B00008,PLT-02,137
DL00014,ASN500131,P1003,2026-03-01,165,B00008,PLT-03,4
DL00014,ASN500131,P1003,2026-03-01,165,B00009,PLT-02,24
DL00015,ASN500129,P1003,2026-05-02,40,B00009,PLT-02,40
DL00016,ASN500129,P1004,2026-04-22,150,B00010,PLT-01,113
DL00021,ASN500012,P1005,2026-01-08,165,B00011,PLT-01,165
DL00022,ASN500136,P1005,2026-02-06,179,B00011,PLT-01,179
DL00023,ASN500125,P1005,2026-01-06,72,B00011,PLT-01,72
DL00024,ASN500116,P1005,2026-04-11,22,B00011,PLT-01,2
DL00024,ASN500116,P1005,2026-04-11,22,B00011,PLT-02,20
DL00025,ASN500137,P1006,2026-03-31,28,B00012,PLT-01,28
DL00026,ASN500134,P1006,2026-04-11,21,B00012,PLT-01,18
DL00026,ASN500134,P1006,2026-04-11,21,B00012,PLT-03,3
DL00027,ASN500121,P1006,2026-04-19,69,B00012,PLT-03,69
DL00028,ASN500019,P1006,2026-02-05,72,B00012,PLT-03,72
DL00029,ASN500052,P1006,2026-04-10,64,B00012,PLT-03,64
DL00030,ASN500126,P1007,2026-01-15,102,B00013,PLT-02,102
DL00031,ASN500122,P1007,2026-02-11,180,B00013,PLT-02,146
DL00034,ASN500084,P1008,2026-03-30,70,B00014,PLT-01,70
DL00035,ASN500077,P1008,2026-03-19,164,B00014,PLT-01,49
DL00035,ASN500077,P1008,2026-03-19,164,B00014,PLT-02,4
DL00035,ASN500077,P1008,2026-03-19,164,B00015,PLT-01,6
DL00035,ASN500077,P1008,2026-03-19,164,B00015,PLT-03,28
DL00035,ASN500077,P1008,2026-03-19,164,B00016,PLT-02,77
DL00036,ASN500003,P1009,2026-01-13,128,B00017,PLT-01,43
DL00036,ASN500003,P1009,2026-01-13,128,B00018,PLT-01,36
DL00036,ASN500003,P1009,2026-01-13,128,B00018,PLT-03,8
DL00036,ASN500003,P1009,2026-01-13,128,B00019,PLT-02,41
DL00037,ASN500124,P1009,2026-04-02,73,B00019,PLT-02,73
DL00038,ASN500055,P1010,2026-03-09,177,B00020,PLT-02,3
DL00038,ASN500055,P1010,2026-03-09,177,B00021,PLT-02,30
DL00038,ASN500055,P1010,2026-03-09,177,B00022,PLT-01,144
DL00039,ASN500132,P1011,2026-03-06,78,B00023,PLT-01,78
DL00040,ASN500119,P1011,2026-04-14,124,B00023,PLT-01,124
DL00041,ASN500030,P1011,2026-01-31,145,B00023,PLT-01,4
DL00041,ASN500030,P1011,2026-01-31,145,B00024,PLT-03,141
DL00042,ASN500021,P1012,2026-01-08,126,B00025,PLT-01,14
DL00042,ASN500021,P1012,2026-01-08,126,B00025,PLT-02,22
DL00042,ASN500021,P1012,2026-01-08,126,B00026,PLT-02,90
DL00043,ASN500074,P1012,2026-01-15,122,B00026,PLT-02,122
DL00044,ASN500129,P1012,2026-02-09,120,B00026,PLT-02,83
DL00044,ASN500129,P1012,2026-02-09,120,B00026,PLT-03,37
DL00045,ASN500053,P1013,2026-01-15,58,B00027,PLT-01,8
DL00045,ASN500053,P1013,2026-01-15,58,B00028,PLT-01,7
DL00045,ASN500053,P1013,2026-01-15,58,B00028,PLT-02,43
DL00046,ASN500023,P1013,2026-04-11,41,B00028,PLT-02,41
DL00047,ASN500134,P1013,2026-02-21,72,B00028,PLT-02,72
DL00048,ASN500033,P1013,2026-04-20,159,B00028,PLT-02,14
DL00049,ASN500071,P1014,2026-04-06,33,B00029,PLT-01,33
DL00050,ASN500093,P1014,2026-03-10,64,B00029,PLT-01,64
DL00051,ASN500124,P1014,2026-01-09,105,B00029,PLT-01,80
DL00051,ASN500124,P1014,2026-01-09,105,B00030,PLT-02,25
DL00052,ASN500040,P1014,2026-03-09,5,B00030,PLT-02,5
DL00053,ASN500115,P1014,2026-02-13,108,B00030,PLT-02,9
DL00053,ASN500115,P1014,2026-02-13,108,B00030,PLT-03,20
DL00053,ASN500115,P1014,2026-02-13,108,B00031,PLT-01,8
DL00053,ASN500115,P1014,2026-02-13,108,B00031,PLT-02,71
DL00054,ASN500106,P1015,2026-02-23,93,B00032,PLT-02,88
DL00054,ASN500106,P1015,2026-02-23,93,B00033,PLT-03,5
DL00055,ASN500080,P1015,2026-04-23,35,B00033,PLT-03,35
DL00056,ASN500000,P1016,2026-04-12,88,B00035,PLT-02,12
DL00056,ASN500000,P1016,2026-04-12,88,B00036,PLT-01,61
DL00056,ASN500000,P1016,2026-04-12,88,B00036,PLT-03,15
DL00057,ASN500086,P1016,2026-01-21,106,B00036,PLT-03,56
DL00062,ASN500070,P1018,2026-02-10,17,B00037,PLT-01,17
DL00063,ASN500026,P1018,2026-04-22,18,B00037,PLT-01,18
DL00064,ASN500073,P1018,2026-05-05,167,B00037,PLT-01,167
DL00065,ASN500038,P1018,2026-02-09,68,B00037,PLT-01,16
DL00066,ASN500130,P1019,2026-01-30,85,B00038,PLT-03,85
DL00067,ASN500095,P1019,2026-04-29,114,B00038,PLT-03,99
DL00067,ASN500095,P1019,2026-04-29,114,B00039,PLT-03,15
DL00068,ASN500007,P1019,2026-02-26,166,B00039,PLT-03,119
DL00068,ASN500007,P1019,2026-02-26,166,B00040,PLT-01,20
DL00068,ASN500007,P1019,2026-02-26,166,B00040,PLT-03,27
DL00069,ASN500052,P1019,2026-01-12,25,B00040,PLT-03,25
DL00074,ASN500087,P1021,2026-02-13,77,B00041,PLT-01,42
DL00074,ASN500087,P1021,2026-02-13,77,B00041,PLT-03,35
DL00075,ASN500065,P1021,2026-02-08,172,B00041,PLT-03,171
DL00075,ASN500065,P1021,2026-02-08,172,B00042,PLT-02,1
DL00076,ASN500103,P1021,2026-02-05,172,B00042,PLT-02,172
DL00077,ASN500077,P1021,2026-03-18,128,B00042,PLT-02,128
DL00082,ASN500115,P1023,2026-01-23,114,B00043,PLT-03,114
DL00083,ASN500049,P1023,2026-01-17,67,B00043,PLT-03,67
DL00084,ASN500044,P1023,2026-03-18,92,B00043,PLT-03,17
DL00084,ASN500044,P1023,2026-03-18,92,B00044,PLT-03,75
DL00085,ASN500081,P1024,2026-02-22,66,B00045,PLT-02,4
DL00085,ASN500081,P1024,2026-02-22,66,B00046,PLT-01,7
DL00085,ASN500081,P1024,2026-02-22,66,B00047,PLT-02,55
DL00086,ASN500051,P1025,2026-04-11,10,B00048,PLT-02,10
DL00087,ASN500105,P1025,2026-02-27,103,B00048,PLT-02,7
DL00087,ASN500105,P1025,2026-02-27,103,B00049,PLT-03,9
DL00087,ASN500105,P1025,2026-02-27,103,B00050,PLT-02,87
DL00088,ASN500134,P1025,2026-02-23,58,B00050,PLT-02,58
DL00089,ASN500086,P1026,2026-03-10,20,B00051,PLT-01,20
DL00090,ASN500071,P1026,2026-02-21,152,B00051,PLT-01,152
DL00091,ASN500032,P1026,2026-03-11,180,B00051,PLT-01,26
DL00091,ASN500032,P1026,2026-03-11,180,B00052,PLT-01,75
DL00091,ASN500032,P1026,2026-03-11,180,B00052,PLT-03,13
DL00091,ASN500032,P1026,2026-03-11,180,B00053,PLT-01,66
DL00092,ASN500055,P1027,2026-02-09,28,B00054,PLT-03,28
DL00093,ASN500063,P1027,2026-02-26,103,B00054,PLT-03,14
DL00093,ASN500063,P1027,2026-02-26,103,B00055,PLT-01,89
DL00094,ASN500114,P1027,2026-02-14,115,B00055,PLT-01,115
DL00095,ASN500005,P1027,2026-01-10,37,B00055,PLT-01,28
DL00097,ASN500000,P1028,2026-02-25,23,B00056,PLT-02,23
DL00098,ASN500135,P1028,2026-03-04,124,B00056,PLT-02,87
DL00098,ASN500135,P1028,2026-03-04,124,B00057,PLT-01,37
DL00099,ASN500063,P1028,2026-02-03,32,B00057,PLT-01,32
DL00100,ASN500039,P1028,2026-03-13,43,B00057,PLT-01,15
DL00100,ASN500039,P1028,2026-03-13,43,B00057,PLT-02,28
DL00101,ASN500117,P1029,2026-03-17,26,B00058,PLT-02,3
DL00101,ASN500117,P1029,2026-03-17,26,B00059,PLT-01,2
DL00101,ASN500117,P1029,2026-03-17,26,B00060,PLT-01,2
DL00102,ASN500000,P1030,2026-02-04,37,B00061,PLT-02,8
DL00102,ASN500000,P1030,2026-02-04,37,B00062,PLT-03,14
DL00103,ASN500009,P1031,2026-04-07,170,B00063,PLT-02,170
DL00104,ASN500077,P1031,2026-03-27,37,B00063,PLT-02,37
DL00105,ASN500064,P1031,2026-03-28,140,B00063,PLT-02,140
DL00106,ASN500111,P1031,2026-01-18,33,B00063,PLT-02,33
DL00107,ASN500018,P1031,2026-03-14,81,B00063,PLT-02,81
DL00108,ASN500049,P1032,2026-02-08,104,B00064,PLT-01,11
DL00108,ASN500049,P1032,2026-02-08,104,B00064,PLT-02,33
DL00108,ASN500049,P1032,2026-02-08,104,B00065,PLT-03,32
DL00108,ASN500049,P1032,2026-02-08,104,B00066,PLT-02,28
DL00109,ASN500057,P1032,2026-01-06,158,B00066,PLT-02,63
DL00109,ASN500057,P1032,2026-01-06,158,B00066,PLT-03,23
DL00113,ASN500063,P1033,2026-02-27,12,B00067,PLT-01,12
DL00114,ASN500078,P1033,2026-01-08,19,B00067,PLT-01,2
DL00114,ASN500078,P1033,2026-01-08,19,B00068,PLT-01,1
DL00114,ASN500078,P1033,2026-01-08,19,B00069,PLT-01,16
DL00115,ASN500127,P1034,2026-03-29,177,B00070,PLT-01,11
DL00115,ASN500127,P1034,2026-03-29,177,B00071,PLT-02,166
DL00116,ASN500107,P1034,2026-02-07,25,B00071,PLT-02,25
DL00117,ASN500108,P1035,2026-02-04,99,B00072,PLT-02,35
DL00117,ASN500108,P1035,2026-02-04,99,B00073,PLT-02,64
DL00118,ASN500126,P1035,2026-04-05,13,B00073,PLT-02,13
DL00119,ASN500107,P1036,2026-04-03,97,B00074,PLT-01,15
DL00119,ASN500107,P1036,2026-04-03,97,B00075,PLT-01,37
DL00119,ASN500107,P1036,2026-04-03,97,B00075,PLT-02,45
DL00120,ASN500101,P1036,2026-01-06,55,B00075,PLT-02,42
DL00122,ASN500126,P1037,2026-02-14,56,B00076,PLT-01,7
DL00122,ASN500126,P1037,2026-02-14,56,B00077,PLT-02,22
DL00122,ASN500126,P1037,2026-02-14,56,B00078,PLT-02,27
DL00123,ASN500049,P1037,2026-03-06,64,B00078,PLT-02,64
DL00124,ASN500067,P1038,2026-01-19,80,B00079,PLT-01,13
DL00124,ASN500067,P1038,2026-01-19,80,B00079,PLT-03,22
DL00124,ASN500067,P1038,2026-01-19,80,B00080,PLT-01,45
DL00125,ASN500126,P1038,2026-01-29,161,B00080,PLT-01,125
DL00125,ASN500126,P1038,2026-01-29,161,B00080,PLT-02,36
DL00126,ASN500124,P1039,2026-05-02,111,B00081,PLT-01,87
DL00126,ASN500124,P1039,2026-05-02,111,B00082,PLT-03,24
DL00127,ASN500014,P1039,2026-01-24,157,B00082,PLT-03,11
DL00127,ASN500014,P1039,2026-01-24,157,B00083,PLT-02,82
DL00128,ASN500013,P1040,2026-01-09,59,B00084,PLT-01,59
DL00129,ASN500036,P1040,2026-01-12,111,B00084,PLT-01,111
DL00130,ASN500015,P1040,2026-02-25,52,B00084,PLT-01,22
DL00130,ASN500015,P1040,2026-02-25,52,B00085,PLT-02,30
DL00131,ASN500115,P1040,2026-04-09,85,B00085,PLT-02,85
DL00132,ASN500020,P1041,2026-02-17,47,B00086,PLT-01,2
DL00132,ASN500020,P1041,2026-02-17,47,B00086,PLT-03,45
DL00133,ASN500047,P1042,2026-05-05,172,B00087,PLT-03,9
DL00133,ASN500047,P1042,2026-05-05,172,B00088,PLT-02,56
DL00133,ASN500047,P1042,2026-05-05,172,B00088,PLT-03,8
DL00133,ASN500047,P1042,2026-05-05,172,B00089,PLT-02,62
DL00133,ASN500047,P1042,2026-05-05,172,B00089,PLT-03,4
DL00135,ASN500096,P1043,2026-02-17,100,B00090,PLT-03,31
DL00135,ASN500096,P1043,2026-02-17,100,B00091,PLT-03,21
DL00135,ASN500096,P1043,2026-02-17,100,B00092,PLT-03,48
DL00136,ASN500113,P1043,2026-01-19,48,B00092,PLT-03,9
DL00138,ASN500089,P1044,2026-04-29,112,B00093,PLT-01,18
DL00138,ASN500089,P1044,2026-04-29,112,B00093,PLT-02,58
DL00138,ASN500089,P1044,2026-04-29,112,B00094,PLT-03,34
DL00138,ASN500089,P1044,2026-04-29,112,B00095,PLT-02,2
DL00139,ASN500053,P1045,2026-02-20,102,B00096,PLT-01,8
DL00139,ASN500053,P1045,2026-02-20,102,B00097,PLT-03,37
DL00139,ASN500053,P1045,2026-02-20,102,B00098,PLT-03,37
DL00140,ASN500110,P1046,2026-01-12,27,B00099,PLT-02,27
DL00141,ASN500121,P1046,2026-02-22,55,B00099,PLT-02,1
DL00141,ASN500121,P1046,2026-02-22,55,B00099,PLT-03,38
DL00146,ASN500118,P1048,2026-04-18,21,B00100,PLT-01,3
DL00146,ASN500118,P1048,2026-04-18,21,B00101,PLT-02,1
DL00146,ASN500118,P1048,2026-04-18,21,B00102,PLT-03,2
DL00147,ASN500065,P1049,2026-04-11,54,B00103,PLT-02,5
DL00147,ASN500065,P1049,2026-04-11,54,B00104,PLT-01,42
DL00147,ASN500065,P1049,2026-04-11,54,B00104,PLT-02,7
DL00149,ASN500011,P1051,2026-04-11,72,B00105,PLT-01,3
DL00149,ASN500011,P1051,2026-04-11,72,B00106,PLT-02,69
DL00150,ASN500081,P1051,2026-02-13,75,B00106,PLT-02,75
DL00151,ASN500000,P1051,2026-05-03,157,B00106,PLT-02,28
DL00151,ASN500000,P1051,2026-05-03,157,B00107,PLT-03,129
DL00152,ASN500006,P1052,2026-01-19,64,B00108,PLT-01,9
DL00152,ASN500006,P1052,2026-01-19,64,B00108,PLT-03,55
DL00153,ASN500119,P1053,2026-04-17,103,B00109,PLT-01,7
DL00153,ASN500119,P1053,2026-04-17,103,B00110,PLT-01,96
DL00154,ASN500064,P1053,2026-04-20,115,B00110,PLT-01,115
DL00155,ASN500126,P1053,2026-05-04,38,B00110,PLT-01,12
DL00155,ASN500126,P1053,2026-05-04,38,B00110,PLT-03,6
DL00157,ASN500038,P1054,2026-02-05,160,B00111,PLT-01,160
DL00158,ASN500083,P1054,2026-03-05,86,B00111,PLT-01,86
DL00159,ASN500092,P1054,2026-01-16,157,B00111,PLT-01,157
DL00160,ASN500050,P1055,2026-04-12,105,B00112,PLT-02,16
DL00160,ASN500050,P1055,2026-04-12,105,B00113,PLT-02,89
DL00161,ASN500040,P1055,2026-02-27,68,B00113,PLT-02,68
DL00162,ASN500016,P1055,2026-01-10,171,B00113,PLT-02,160
DL00162,ASN500016,P1055,2026-01-10,171,B00113,PLT-03,11
DL00163,ASN500123,P1055,2026-03-16,146,B00113,PLT-03,146
DL00164,ASN500083,P1055,2026-03-01,46,B00113,PLT-03,46
DL00165,ASN500018,P1056,2026-03-26,72,B00114,PLT-02,72
DL00166,ASN500053,P1057,2026-02-28,29,B00115,PLT-02,8
DL00167,ASN500114,P1058,2026-02-04,49,B00116,PLT-01,49
DL00168,ASN500034,P1058,2026-03-05,111,B00116,PLT-01,111
DL00169,ASN500060,P1058,2026-04-24,142,B00116,PLT-01,142
DL00171,ASN500068,P1059,2026-02-07,100,B00117,PLT-01,100
DL00172,ASN500066,P1059,2026-03-03,55,B00117,PLT-01,18
DL00176,ASN500064,P1061,2026-03-11,67,B00118,PLT-01,67
DL00177,ASN500134,P1061,2026-03-30,64,B00118,PLT-01,64
DL00178,ASN500025,P1061,2026-03-06,172,B00118,PLT-01,172
DL00179,ASN500009,P1061,2026-01-06,31,B00118,PLT-01,31
DL00180,ASN500059,P1062,2026-05-03,119,B00119,PLT-03,93
DL00180,ASN500059,P1062,2026-05-03,119,B00120,PLT-03,8
DL00180,ASN500059,P1062,2026-05-03,119,B00121,PLT-02,18
DL00181,ASN500095,P1062,2026-04-28,15,B00121,PLT-02,15
DL00182,ASN500075,P1062,2026-01-21,64,B00121,PLT-02,64
DL00183,ASN500012,P1062,2026-03-23,53,B00121,PLT-02,11
DL00184,ASN500049,P1063,2026-02-22,24,B00122,PLT-01,24
DL00185,ASN500131,P1063,2026-03-04,50,B00122,PLT-01,50
DL00186,ASN500066,P1063,2026-01-06,175,B00122,PLT-01,56
DL00186,ASN500066,P1063,2026-01-06,175,B00122,PLT-02,1
DL00186,ASN500066,P1063,2026-01-06,175,B00123,PLT-03,118
DL00187,ASN500027,P1063,2026-03-23,168,B00123,PLT-03,109
DL00189,ASN500087,P1064,2026-01-11,41,B00124,PLT-01,41
DL00190,ASN500052,P1064,2026-01-10,70,B00124,PLT-01,14
DL00190,ASN500052,P1064,2026-01-10,70,B00124,PLT-03,22
DL00192,ASN500104,P1065,2026-02-22,178,B00125,PLT-01,178
DL00193,ASN500047,P1065,2026-02-14,163,B00125,PLT-01,32
DL00193,ASN500047,P1065,2026-02-14,163,B00126,PLT-01,131
DL00194,ASN500019,P1065,2026-01-10,57,B00126,PLT-01,57
DL00203,ASN500093,P1068,2026-01-31,169,B00127,PLT-02,46
DL00203,ASN500093,P1068,2026-01-31,169,B00128,PLT-01,87
DL00203,ASN500093,P1068,2026-01-31,169,B00128,PLT-02,36
DL00204,ASN500103,P1069,2026-05-06,57,B00129,PLT-01,41
DL00204,ASN500103,P1069,2026-05-06,57,B00130,PLT-02,8
DL00204,ASN500103,P1069,2026-05-06,57,B00131,PLT-02,8
DL00205,ASN500001,P1069,2026-05-01,116,B00131,PLT-02,75
DL00208,ASN500117,P1070,2026-01-22,46,B00132,PLT-02,46
DL00209,ASN500003,P1070,2026-03-17,18,B00132,PLT-02,18
DL00210,ASN500036,P1070,2026-04-19,169,B00132,PLT-02,61
DL00210,ASN500036,P1070,2026-04-19,169,B00133,PLT-02,61
DL00210,ASN500036,P1070,2026-04-19,169,B00134,PLT-01,47
DL00211,ASN500022,P1071,2026-03-26,151,B00135,PLT-01,151
DL00212,ASN500094,P1071,2026-01-27,134,B00135,PLT-01,46
DL00212,ASN500094,P1071,2026-01-27,134,B00135,PLT-02,87
DL00215,ASN500027,P1072,2026-03-09,103,B00136,PLT-02,7
DL00215,ASN500027,P1072,2026-03-09,103,B00137,PLT-03,6
DL00215,ASN500027,P1072,2026-03-09,103,B00138,PLT-03,18
DL00218,ASN500099,P1074,2026-05-01,27,B00139,PLT-03,3
DL00218,ASN500099,P1074,2026-05-01,27,B00140,PLT-03,8
DL00218,ASN500099,P1074,2026-05-01,27,B00141,PLT-01,9
DL00219,ASN500041,P1075,2026-04-16,168,B00142,PLT-03,168
DL00220,ASN500056,P1075,2026-02-26,163,B00142,PLT-03,77
DL00220,ASN500056,P1075,2026-02-26,163,B00143,PLT-02,86
DL00221,ASN500050,P1075,2026-01-29,126,B00143,PLT-02,5
DL00221,ASN500050,P1075,2026-01-29,126,B00144,PLT-03,121
DL00222,ASN500055,P1075,2026-02-26,15,B00144,PLT-03,15
DL00223,ASN500132,P1075,2026-02-24,45,B00144,PLT-03,45
DL00224,ASN500031,P1076,2026-02-06,43,B00145,PLT-03,2
DL00224,ASN500031,P1076,2026-02-06,43,B00146,PLT-02,38
DL00224,ASN500031,P1076,2026-02-06,43,B00147,PLT-03,3
DL00225,ASN500049,P1076,2026-04-29,15,B00147,PLT-03,15
DL00226,ASN500009,P1076,2026-04-23,175,B00147,PLT-03,175
DL00227,ASN500030,P1077,2026-03-23,104,B00148,PLT-01,104
DL00228,ASN500116,P1077,2026-04-24,145,B00148,PLT-01,138
DL00228,ASN500116,P1077,2026-04-24,145,B00148,PLT-02,6
DL00230,ASN500063,P1078,2026-02-24,113,B00149,PLT-01,29
DL00230,ASN500063,P1078,2026-02-24,113,B00149,PLT-02,1
DL00230,ASN500063,P1078,2026-02-24,113,B00150,PLT-02,83
DL00231,ASN500094,P1078,2026-03-11,119,B00150,PLT-02,119
DL00232,ASN500112,P1078,2026-01-08,50,B00150,PLT-02,50
DL00233,ASN500125,P1079,2026-02-05,124,B00151,PLT-02,67
DL00233,ASN500125,P1079,2026-02-05,124,B00152,PLT-02,57
DL00234,ASN500117,P1080,2026-04-19,50,B00153,PLT-02,17
DL00234,ASN500117,P1080,2026-04-19,50,B00153,PLT-03,13
DL00234,ASN500117,P1080,2026-04-19,50,B00154,PLT-01,20
DL00235,ASN500121,P1080,2026-01-19,107,B00154,PLT-01,107
DL00236,ASN500017,P1080,2026-02-20,37,B00154,PLT-01,37
DL00237,ASN500110,P1080,2026-01-17,98,B00154,PLT-01,35
DL00237,ASN500110,P1080,2026-01-17,98,B00154,PLT-02,63
DL00238,ASN500129,P1081,2026-03-31,135,B00155,PLT-02,86
DL00238,ASN500129,P1081,2026-03-31,135,B00155,PLT-03,49
DL00239,ASN500010,P1081,2026-03-28,15,B00155,PLT-03,3
DL00239,ASN500010,P1081,2026-03-28,15,B00156,PLT-01,4
DL00239,ASN500010,P1081,2026-03-28,15,B00157,PLT-02,8
DL00240,ASN500033,P1081,2026-05-04,26,B00157,PLT-02,26
DL00241,ASN500080,P1081,2026-01-16,135,B00157,PLT-02,135
DL00242,ASN500129,P1082,2026-03-30,101,B00158,PLT-01,95
DL00242,ASN500129,P1082,2026-03-30,101,B00158,PLT-03,6
DL00243,ASN500006,P1083,2026-03-25,21,B00159,PLT-01,9
DL00243,ASN500006,P1083,2026-03-25,21,B00159,PLT-03,12
DL00244,ASN500028,P1083,2026-01-22,54,B00159,PLT-03,11
DL00245,ASN500073,P1084,2026-04-03,47,B00160,PLT-01,47
DL00246,ASN500056,P1084,2026-04-22,21,B00160,PLT-01,21
DL00247,ASN500089,P1084,2026-04-12,161,B00160,PLT-01,74
DL00247,ASN500089,P1084,2026-04-12,161,B00161,PLT-01,23
DL00247,ASN500089,P1084,2026-04-12,161,B00162,PLT-02,64
DL00248,ASN500064,P1084,2026-02-16,45,B00162,PLT-02,45
DL00249,ASN500070,P1085,2026-01-24,121,B00163,PLT-01,92
DL00249,ASN500070,P1085,2026-01-24,121,B00164,PLT-01,21
DL00249,ASN500070,P1085,2026-01-24,121,B00164,PLT-03,8
DL00250,ASN500065,P1085,2026-05-03,133,B00164,PLT-03,36
DL00250,ASN500065,P1085,2026-05-03,133,B00165,PLT-01,97
DL00251,ASN500122,P1085,2026-03-22,58,B00165,PLT-01,58
DL00252,ASN500067,P1085,2026-03-11,162,B00165,PLT-01,18
DL00252,ASN500067,P1085,2026-03-11,162,B00165,PLT-02,144
DL00253,ASN500060,P1085,2026-02-22,86,B00165,PLT-02,86
DL00254,ASN500050,P1086,2026-02-26,51,B00166,PLT-01,34
DL00254,ASN500050,P1086,2026-02-26,51,B00166,PLT-03,17
DL00257,ASN500029,P1088,2026-01-12,140,B00167,PLT-02,84
DL00257,ASN500029,P1088,2026-01-12,140,B00168,PLT-02,56
DL00258,ASN500092,P1088,2026-03-18,120,B00168,PLT-02,120
DL00259,ASN500133,P1088,2026-04-04,153,B00168,PLT-02,153
DL00260,ASN500064,P1089,2026-03-27,142,B00169,PLT-01,24
DL00260,ASN500064,P1089,2026-03-27,142,B00169,PLT-02,67
DL00260,ASN500064,P1089,2026-03-27,142,B00170,PLT-03,51
DL00261,ASN500095,P1090,2026-02-23,72,B00172,PLT-01,72
DL00262,ASN500094,P1090,2026-01-24,152,B00172,PLT-01,76
DL00262,ASN500094,P1090,2026-01-24,152,B00173,PLT-03,2
DL00262,ASN500094,P1090,2026-01-24,152,B00174,PLT-03,74
DL00263,ASN500092,P1090,2026-04-13,89,B00174,PLT-03,86
DL00267,ASN500080,P1092,2026-04-11,5,B00175,PLT-03,5
DL00268,ASN500008,P1092,2026-01-25,61,B00175,PLT-03,61
DL00269,ASN500074,P1092,2026-03-27,162,B00175,PLT-03,107
DL00276,ASN500136,P1094,2026-02-27,62,B00176,PLT-01,45
DL00276,ASN500136,P1094,2026-02-27,62,B00177,PLT-01,17
DL00277,ASN500077,P1094,2026-01-23,155,B00177,PLT-01,155
DL00278,ASN500052,P1094,2026-03-26,98,B00177,PLT-01,98
DL00279,ASN500040,P1095,2026-01-07,39,B00178,PLT-02,39
DL00280,ASN500062,P1095,2026-03-04,43,B00178,PLT-02,43
DL00281,ASN500024,P1095,2026-03-28,21,B00178,PLT-02,21
DL00282,ASN500037,P1095,2026-04-16,175,B00178,PLT-02,29
DL00282,ASN500037,P1095,2026-04-16,175,B00179,PLT-02,1
DL00282,ASN500037,P1095,2026-04-16,175,B00180,PLT-01,145
DL00283,ASN500102,P1096,2026-01-07,72,B00181,PLT-03,72
DL00284,ASN500014,P1096,2026-04-21,170,B00181,PLT-03,138
DL00284,ASN500014,P1096,2026-04-21,170,B00182,PLT-03,32
DL00285,ASN500089,P1096,2026-03-29,157,B00182,PLT-03,54
DL00285,ASN500089,P1096,2026-03-29,157,B00183,PLT-01,97
DL00285,ASN500089,P1096,2026-03-29,157,B00183,PLT-02,6
DL00293,ASN500132,P1099,2026-03-29,160,B00184,PLT-03,160
DL00294,ASN500129,P1099,2026-03-29,170,B00184,PLT-03,170
DL00295,ASN500044,P1100,2026-02-14,135,B00185,PLT-02,135
DL00296,ASN500016,P1100,2026-03-27,81,B00185,PLT-02,9
DL00296,ASN500016,P1100,2026-03-27,81,B00185,PLT-03,33
DL00296,ASN500016,P1100,2026-03-27,81,B00186,PLT-02,39
DL00297,ASN500012,P1100,2026-04-07,127,B00186,PLT-02,31
DL00297,ASN500012,P1100,2026-04-07,127,B00186,PLT-03,14
DL00297,ASN500012,P1100,2026-04-07,127,B00187,PLT-01,82
DL00298,ASN500137,P1100,2026-02-23,6,B00187,PLT-01,6
DL00299,ASN500119,P1101,2026-04-10,25,B00188,PLT-01,25
DL00300,ASN500115,P1101,2026-02-03,49,B00188,PLT-01,49
DL00301,ASN500026,P1101,2026-02-04,71,B00188,PLT-01,71
DL00302,ASN500009,P1101,2026-02-17,36,B00188,PLT-01,36
DL00303,ASN500013,P1102,2026-03-28,73,B00189,PLT-01,73
DL00304,ASN500111,P1102,2026-04-16,180,B00189,PLT-01,57
DL00304,ASN500111,P1102,2026-04-16,180,B00190,PLT-01,100
DL00304,ASN500111,P1102,2026-04-16,180,B00190,PLT-03,10
DL00304,ASN500111,P1102,2026-04-16,180,B00191,PLT-01,13
DL00305,ASN500133,P1102,2026-02-12,72,B00191,PLT-01,72
DL00306,ASN500021,P1103,2026-01-07,134,B00192,PLT-02,114
DL00306,ASN500021,P1103,2026-01-07,134,B00193,PLT-02,20
DL00307,ASN500043,P1103,2026-05-01,71,B00193,PLT-02,22
DL00307,ASN500043,P1103,2026-05-01,71,B00193,PLT-03,49
DL00308,ASN500051,P1104,2026-04-11,45,B00194,PLT-03,14
DL00308,ASN500051,P1104,2026-04-11,45,B00195,PLT-02,16
DL00310,ASN500084,P1105,2026-02-05,158,B00196,PLT-01,133
DL00310,ASN500084,P1105,2026-02-05,158,B00197,PLT-03,25
DL00311,ASN500097,P1105,2026-05-03,166,B00197,PLT-03,47
DL00311,ASN500097,P1105,2026-05-03,166,B00198,PLT-02,119
DL00312,ASN500137,P1105,2026-03-07,125,B00198,PLT-02,125
DL00313,ASN500135,P1105,2026-04-25,6,B00198,PLT-02,6
DL00314,ASN500111,P1106,2026-03-20,64,B00199,PLT-02,42
DL00314,ASN500111,P1106,2026-03-20,64,B00200,PLT-02,9
DL00314,ASN500111,P1106,2026-03-20,64,B00201,PLT-03,13
DL00315,ASN500054,P1107,2026-03-26,105,B00202,PLT-02,105
DL00316,ASN500019,P1107,2026-05-02,149,B00202,PLT-02,149
DL00317,ASN500043,P1107,2026-01-10,42,B00202,PLT-02,42
DL00318,ASN500028,P1108,2026-03-26,32,B00203,PLT-03,5
DL00318,ASN500028,P1108,2026-03-26,32,B00204,PLT-02,6
DL00318,ASN500028,P1108,2026-03-26,32,B00205,PLT-02,21
DL00319,ASN500088,P1109,2026-04-05,41,B00206,PLT-01,39
DL00323,ASN500093,P1111,2026-04-20,56,B00207,PLT-01,23
DL00323,ASN500093,P1111,2026-04-20,56,B00207,PLT-02,33
DL00324,ASN500136,P1111,2026-01-14,175,B00207,PLT-02,44
DL00328,ASN500073,P1112,2026-01-18,127,B00208,PLT-01,30
DL00328,ASN500073,P1112,2026-01-18,127,B00208,PLT-03,9
DL00328,ASN500073,P1112,2026-01-18,127,B00209,PLT-03,48
DL00329,ASN500025,P1113,2026-02-01,170,B00210,PLT-01,74
DL00329,ASN500025,P1113,2026-02-01,170,B00210,PLT-02,29
DL00331,ASN500066,P1114,2026-02-19,10,B00211,PLT-02,3
DL00331,ASN500066,P1114,2026-02-19,10,B00211,PLT-03,7
DL00332,ASN500065,P1114,2026-01-12,77,B00211,PLT-03,77
DL00333,ASN500094,P1114,2026-04-14,87,B00211,PLT-03,33
DL00335,ASN500007,P1115,2026-01-09,110,B00212,PLT-03,110
DL00336,ASN500111,P1115,2026-04-14,137,B00212,PLT-03,137
DL00337,ASN500025,P1115,2026-03-07,93,B00212,PLT-03,93
DL00339,ASN500073,P1117,2026-03-02,48,B00213,PLT-01,4
DL00339,ASN500073,P1117,2026-03-02,48,B00214,PLT-02,25
DL00341,ASN500001,P1119,2026-03-09,94,B00215,PLT-01,4
DL00341,ASN500001,P1119,2026-03-09,94,B00216,PLT-02,25
DL00341,ASN500001,P1119,2026-03-09,94,B00217,PLT-01,39
DL00342,ASN500125,P1120,2026-03-10,52,B00218,PLT-01,52
DL00343,ASN500088,P1121,2026-02-08,136,B00219,PLT-02,86
DL00343,ASN500088,P1121,2026-02-08,136,B00220,PLT-02,50
DL00344,ASN500040,P1121,2026-04-20,77,B00220,PLT-02,77
DL00345,ASN500054,P1121,2026-03-10,64,B00220,PLT-02,64
DL00346,ASN500042,P1121,2026-05-06,33,B00220,PLT-02,33
DL00347,ASN500020,P1121,2026-04-16,130,B00220,PLT-02,130
DL00348,ASN500026,P1122,2026-02-16,165,B00221,PLT-03,165
DL00349,ASN500091,P1122,2026-02-26,29,B00221,PLT-03,29
DL00350,ASN500101,P1122,2026-03-01,27,B00221,PLT-03,27
DL00351,ASN500006,P1122,2026-02-01,100,B00221,PLT-03,100
DL00352,ASN500077,P1122,2026-03-01,72,B00221,PLT-03,72
DL00353,ASN500128,P1123,2026-02-23,48,B00222,PLT-01,48
DL00354,ASN500059,P1123,2026-01-22,122,B00222,PLT-01,1
DL00354,ASN500059,P1123,2026-01-22,122,B00222,PLT-03,65
DL00354,ASN500059,P1123,2026-01-22,122,B00223,PLT-02,56
DL00355,ASN500136,P1123,2026-04-12,157,B00223,PLT-02,79
DL00358,ASN500082,P1124,2026-03-06,48,B00224,PLT-02,48
DL00359,ASN500112,P1124,2026-03-21,70,B00224,PLT-02,70
DL00360,ASN500059,P1124,2026-02-17,37,B00224,PLT-02,30
DL00360,ASN500059,P1124,2026-02-17,37,B00225,PLT-02,7
DL00361,ASN500118,P1124,2026-04-29,169,B00225,PLT-02,169
DL00362,ASN500129,P1125,2026-02-09,54,B00226,PLT-02,54
DL00363,ASN500077,P1125,2026-01-25,163,B00226,PLT-02,163
DL00364,ASN500063,P1126,2026-03-24,88,B00227,PLT-03,88
DL00365,ASN500133,P1126,2026-01-26,94,B00227,PLT-03,12
DL00365,ASN500133,P1126,2026-01-26,94,B00228,PLT-01,4
DL00365,ASN500133,P1126,2026-01-26,94,B00228,PLT-03,43
DL00365,ASN500133,P1126,2026-01-26,94,B00229,PLT-03,35
DL00366,ASN500083,P1127,2026-02-08,53,B00230,PLT-01,38
DL00366,ASN500083,P1127,2026-02-08,53,B00230,PLT-02,8
DL00366,ASN500083,P1127,2026-02-08,53,B00231,PLT-01,7
DL00367,ASN500026,P1127,2026-03-31,47,B00231,PLT-01,3
DL00367,ASN500026,P1127,2026-03-31,47,B00231,PLT-03,44
DL00368,ASN500050,P1128,2026-01-25,103,B00232,PLT-03,103
DL00369,ASN500077,P1129,2026-03-02,81,B00233,PLT-03,81
DL00370,ASN500070,P1129,2026-01-19,55,B00233,PLT-03,55
DL00371,ASN500071,P1130,2026-04-29,57,B00234,PLT-01,1
DL00371,ASN500071,P1130,2026-04-29,57,B00235,PLT-02,18
DL00371,ASN500071,P1130,2026-04-29,57,B00236,PLT-01,37
DL00371,ASN500071,P1130,2026-04-29,57,B00236,PLT-02,1
DL00372,ASN500118,P1131,2026-01-07,13,B00237,PLT-03,13
DL00373,ASN500102,P1131,2026-04-04,116,B00237,PLT-03,116
DL00374,ASN500056,P1131,2026-03-27,133,B00237,PLT-03,103
DL00374,ASN500056,P1131,2026-03-27,133,B00238,PLT-01,30
DL00375,ASN500075,P1131,2026-01-08,123,B00238,PLT-01,123
DL00376,ASN500065,P1132,2026-04-10,159,B00239,PLT-01,159
DL00377,ASN500103,P1132,2026-04-10,6,B00239,PLT-01,6
DL00378,ASN500110,P1133,2026-03-22,151,B00240,PLT-02,8
DL00378,ASN500110,P1133,2026-03-22,151,B00240,PLT-03,143
DL00379,ASN500107,P1133,2026-04-01,63,B00240,PLT-03,63
DL00380,ASN500058,P1134,2026-01-29,178,B00241,PLT-01,178
DL00381,ASN500031,P1134,2026-03-02,121,B00241,PLT-01,30
DL00381,ASN500031,P1134,2026-03-02,121,B00242,PLT-01,91
DL00382,ASN500080,P1134,2026-03-27,71,B00242,PLT-01,71
DL00383,ASN500025,P1134,2026-02-06,112,B00242,PLT-01,112
DL00384,ASN500102,P1134,2026-01-26,166,B00242,PLT-01,161
DL00384,ASN500102,P1134,2026-01-26,166,B00242,PLT-02,5
DL00388,ASN500083,P1136,2026-02-24,7,B00243,PLT-03,6
DL00388,ASN500083,P1136,2026-02-24,7,B00244,PLT-01,1
DL00389,ASN500125,P1136,2026-01-10,32,B00244,PLT-01,14
DL00390,ASN500139,P1137,2026-01-26,60,B00245,PLT-03,60
DL00391,ASN500051,P1137,2026-02-19,137,B00245,PLT-03,137
DL00392,ASN500025,P1137,2026-03-05,152,B00245,PLT-03,152
DL00393,ASN500052,P1138,2026-03-12,126,B00246,PLT-02,83
DL00393,ASN500052,P1138,2026-03-12,126,B00247,PLT-02,43
DL00394,ASN500004,P1138,2026-04-17,168,B00247,PLT-02,168
DL00395,ASN500094,P1138,2026-02-18,138,B00247,PLT-02,138
DL00396,ASN500105,P1138,2026-02-01,121,B00247,PLT-02,121
DL00397,ASN500047,P1138,2026-03-12,105,B00247,PLT-02,105
DL00398,ASN500091,P1139,2026-01-13,168,B00248,PLT-01,33
DL00398,ASN500091,P1139,2026-01-13,168,B00249,PLT-01,39
DL00398,ASN500091,P1139,2026-01-13,168,B00249,PLT-03,96
DL00399,ASN500070,P1140,2026-02-26,102,B00250,PLT-02,64
DL00399,ASN500070,P1140,2026-02-26,102,B00250,PLT-03,9
DL00399,ASN500070,P1140,2026-02-26,102,B00251,PLT-01,29
DL00400,ASN500015,P1140,2026-01-15,8,B00251,PLT-01,8
DL00401,ASN500107,P1140,2026-03-27,112,B00251,PLT-01,37
DL00401,ASN500107,P1140,2026-03-27,112,B00252,PLT-01,75
DL00402,ASN500067,P1141,2026-02-03,32,B00253,PLT-01,32
DL00403,ASN500077,P1141,2026-05-06,107,B00253,PLT-01,107
DL00404,ASN500134,P1141,2026-04-18,61,B00253,PLT-01,61
DL00413,ASN500047,P1144,2026-01-06,128,B00254,PLT-02,62
DL00413,ASN500047,P1144,2026-01-06,128,B00255,PLT-02,66
DL00414,ASN500071,P1144,2026-02-06,96,B00255,PLT-02,96
DL00415,ASN500077,P1144,2026-03-08,87,B00255,PLT-02,87
DL00416,ASN500124,P1144,2026-03-26,114,B00255,PLT-02,114
DL00417,ASN500092,P1145,2026-05-04,44,B00256,PLT-01,43
DL00417,ASN500092,P1145,2026-05-04,44,B00256,PLT-02,1
DL00418,ASN500098,P1146,2026-01-16,19,B00257,PLT-03,19
DL00419,ASN500083,P1146,2026-03-14,40,B00257,PLT-03,40
DL00420,ASN500088,P1146,2026-03-21,167,B00257,PLT-03,167
DL00421,ASN500002,P1147,2026-01-15,58,B00258,PLT-01,58
DL00422,ASN500064,P1148,2026-01-18,160,B00259,PLT-02,160
DL00423,ASN500036,P1148,2026-01-29,64,B00259,PLT-02,64
DL00424,ASN500115,P1148,2026-04-16,93,B00259,PLT-02,93
DL00425,ASN500053,P1149,2026-04-17,108,B00260,PLT-01,32
DL00425,ASN500053,P1149,2026-04-17,108,B00261,PLT-01,76
DL00426,ASN500136,P1149,2026-03-25,47,B00261,PLT-01,8
DL00426,ASN500136,P1149,2026-03-25,47,B00261,PLT-02,39
DL00427,ASN500023,P1150,2026-05-01,176,B00262,PLT-01,3
DL00427,ASN500023,P1150,2026-05-01,176,B00262,PLT-03,21
DL00427,ASN500023,P1150,2026-05-01,176,B00263,PLT-01,152
DL00428,ASN500076,P1150,2026-03-10,55,B00263,PLT-01,55
DL00429,ASN500054,P1150,2026-01-16,140,B00263,PLT-01,48
DL00429,ASN500054,P1150,2026-01-16,140,B00264,PLT-01,92
DL00430,ASN500112,P1150,2026-04-28,176,B00264,PLT-01,168
DL00430,ASN500112,P1150,2026-04-28,176,B00264,PLT-02,8
DL00431,ASN500029,P1150,2026-01-21,147,B00264,PLT-02,13
DL00432,ASN500107,P1151,2026-04-21,64,B00265,PLT-01,49
DL00432,ASN500107,P1151,2026-04-21,64,B00266,PLT-02,15
DL00433,ASN500035,P1151,2026-03-10,126,B00266,PLT-02,116
DL00433,ASN500035,P1151,2026-03-10,126,B00267,PLT-01,10
DL00434,ASN500014,P1151,2026-03-06,128,B00267,PLT-01,107
DL00434,ASN500014,P1151,2026-03-06,128,B00267,PLT-03,21
DL00435,ASN500125,P1152,2026-03-10,68,B00268,PLT-03,68
DL00436,ASN500042,P1152,2026-03-23,143,B00268,PLT-03,143
DL00438,ASN500127,P1154,2026-02-12,175,B00269,PLT-03,175
DL00439,ASN500119,P1154,2026-03-01,100,B00269,PLT-03,100
DL00440,ASN500107,P1154,2026-01-15,178,B00269,PLT-03,33
DL00443,ASN500084,P1155,2026-03-12,29,B00270,PLT-01,11
DL00443,ASN500084,P1155,2026-03-12,29,B00271,PLT-01,6
DL00443,ASN500084,P1155,2026-03-12,29,B00271,PLT-02,12
DL00444,ASN500124,P1156,2026-01-10,41,B00272,PLT-01,41
DL00445,ASN500054,P1156,2026-03-27,111,B00272,PLT-01,4
DL00445,ASN500054,P1156,2026-03-27,111,B00273,PLT-01,5
DL00445,ASN500054,P1156,2026-03-27,111,B00273,PLT-03,41
DL00448,ASN500053,P1157,2026-03-02,77,B00274,PLT-02,52
DL00448,ASN500053,P1157,2026-03-02,77,B00275,PLT-02,25
DL00449,ASN500087,P1157,2026-02-07,113,B00275,PLT-02,113
DL00450,ASN500013,P1157,2026-02-12,79,B00275,PLT-02,32
DL00450,ASN500013,P1157,2026-02-12,79,B00275,PLT-03,26
DL00450,ASN500013,P1157,2026-02-12,79,B00276,PLT-02,21
DL00451,ASN500090,P1157,2026-02-26,131,B00276,PLT-02,131
DL00452,ASN500085,P1157,2026-02-09,133,B00276,PLT-02,133
DL00453,ASN500088,P1158,2026-03-30,57,B00277,PLT-01,15
DL00453,ASN500088,P1158,2026-03-30,57,B00277,PLT-02,16
DL00453,ASN500088,P1158,2026-03-30,57,B00278,PLT-03,9
DL00453,ASN500088,P1158,2026-03-30,57,B00279,PLT-03,17
DL00454,ASN500126,P1158,2026-02-17,35,B00279,PLT-03,35
DL00455,ASN500049,P1158,2026-04-07,86,B00279,PLT-03,5
DL00468,ASN500003,P1161,2026-04-27,99,B00280,PLT-01,2
DL00468,ASN500003,P1161,2026-04-27,99,B00281,PLT-02,3
DL00468,ASN500003,P1161,2026-04-27,99,B00282,PLT-02,22
DL00468,ASN500003,P1161,2026-04-27,99,B00282,PLT-03,8
DL00469,ASN500079,P1162,2026-04-06,148,B00283,PLT-02,94
DL00469,ASN500079,P1162,2026-04-06,148,B00284,PLT-01,24
DL00469,ASN500079,P1162,2026-04-06,148,B00284,PLT-02,29
DL00469,ASN500079,P1162,2026-04-06,148,B00285,PLT-02,1
DL00470,ASN500066,P1162,2026-01-29,82,B00285,PLT-02,82
DL00471,ASN500008,P1163,2026-01-08,86,B00286,PLT-03,80
DL00471,ASN500008,P1163,2026-01-08,86,B00287,PLT-01,6
DL00472,ASN500110,P1163,2026-03-29,149,B00287,PLT-01,92
DL00472,ASN500110,P1163,2026-03-29,149,B00287,PLT-03,57
DL00473,ASN500013,P1163,2026-03-19,132,B00287,PLT-03,14
DL00473,ASN500013,P1163,2026-03-19,132,B00288,PLT-01,118
DL00474,ASN500133,P1163,2026-04-21,15,B00288,PLT-01,15
DL00475,ASN500107,P1164,2026-04-05,152,B00289,PLT-03,41
DL00475,ASN500107,P1164,2026-04-05,152,B00290,PLT-03,72
DL00475,ASN500107,P1164,2026-04-05,152,B00291,PLT-03,39
DL00476,ASN500114,P1165,2026-01-07,22,B00292,PLT-02,22
DL00477,ASN500099,P1165,2026-03-22,157,B00292,PLT-02,31
DL00477,ASN500099,P1165,2026-03-22,157,B00293,PLT-01,112
DL00477,ASN500099,P1165,2026-03-22,157,B00293,PLT-03,14
DL00478,ASN500039,P1165,2026-04-14,126,B00293,PLT-03,77
DL00480,ASN500120,P1166,2026-04-30,59,B00294,PLT-03,17
DL00480,ASN500120,P1166,2026-04-30,59,B00295,PLT-01,3
DL00480,ASN500120,P1166,2026-04-30,59,B00296,PLT-02,16
DL00481,ASN500003,P1167,2026-01-06,114,B00297,PLT-02,24
DL00481,ASN500003,P1167,2026-01-06,114,B00298,PLT-01,3
DL00481,ASN500003,P1167,2026-01-06,114,B00299,PLT-03,87
DL00482,ASN500002,P1167,2026-04-01,180,B00299,PLT-03,35
DL00483,ASN500022,P1168,2026-04-27,60,B00300,PLT-03,34
DL00483,ASN500022,P1168,2026-04-27,60,B00301,PLT-03,26
DL00484,ASN500033,P1169,2026-01-08,125,B00302,PLT-03,38
DL00484,ASN500033,P1169,2026-01-08,125,B00303,PLT-01,19
DL00484,ASN500033,P1169,2026-01-08,125,B00304,PLT-02,68
DL00485,ASN500062,P1170,2026-04-09,120,B00305,PLT-02,14
DL00485,ASN500062,P1170,2026-04-09,120,B00306,PLT-03,24
DL00485,ASN500062,P1170,2026-04-09,120,B00307,PLT-01,24
DL00485,ASN500062,P1170,2026-04-09,120,B00307,PLT-02,10
DL00496,ASN500037,P1173,2026-02-21,34,B00308,PLT-02,34
DL00497,ASN500041,P1173,2026-04-18,166,B00308,PLT-02,104
DL00498,ASN500122,P1174,2026-04-15,103,B00309,PLT-01,66
DL00498,ASN500122,P1174,2026-04-15,103,B00310,PLT-02,8
DL00498,ASN500122,P1174,2026-04-15,103,B00310,PLT-03,29
DL00499,ASN500115,P1174,2026-04-16,74,B00310,PLT-03,45
DL00499,ASN500115,P1174,2026-04-16,74,B00311,PLT-02,29
DL00500,ASN500085,P1174,2026-02-10,79,B00311,PLT-02,79
DL00501,ASN500015,P1174,2026-03-30,164,B00311,PLT-02,13
DL00502,ASN500085,P1175,2026-04-08,160,B00312,PLT-01,160
DL00503,ASN500003,P1175,2026-03-23,43,B00312,PLT-01,43
DL00504,ASN500079,P1175,2026-03-01,154,B00312,PLT-01,25
DL00504,ASN500079,P1175,2026-03-01,154,B00313,PLT-01,61
DL00504,ASN500079,P1175,2026-03-01,154,B00313,PLT-03,18
DL00504,ASN500079,P1175,2026-03-01,154,B00314,PLT-02,50
DL00505,ASN500063,P1175,2026-02-24,101,B00314,PLT-02,101
DL00506,ASN500096,P1175,2026-04-14,159,B00314,PLT-02,52
DL00507,ASN500115,P1176,2026-04-04,77,B00315,PLT-03,6
DL00507,ASN500115,P1176,2026-04-04,77,B00316,PLT-02,71
DL00508,ASN500000,P1176,2026-02-08,87,B00316,PLT-02,16
DL00508,ASN500000,P1176,2026-02-08,87,B00316,PLT-03,71
DL00509,ASN500108,P1177,2026-03-22,45,B00317,PLT-01,45
DL00510,ASN500010,P1177,2026-04-22,78,B00317,PLT-01,38
DL00510,ASN500010,P1177,2026-04-22,78,B00317,PLT-03,32
DL00512,ASN500127,P1178,2026-03-15,93,B00318,PLT-01,93
DL00513,ASN500021,P1178,2026-03-17,143,B00318,PLT-01,143
DL00514,ASN500124,P1178,2026-01-31,102,B00318,PLT-01,102
DL00515,ASN500079,P1179,2026-01-13,160,B00319,PLT-02,160
DL00516,ASN500101,P1179,2026-04-06,124,B00319,PLT-02,124
DL00517,ASN500065,P1180,2026-04-12,155,B00320,PLT-02,155
DL00518,ASN500002,P1180,2026-03-05,103,B00320,PLT-02,103
DL00519,ASN500022,P1181,2026-04-19,142,B00321,PLT-02,142
DL00520,ASN500090,P1181,2026-02-04,21,B00321,PLT-02,21
DL00521,ASN500101,P1181,2026-03-13,153,B00321,PLT-02,153
DL00522,ASN500066,P1181,2026-02-16,138,B00321,PLT-02,138
DL00523,ASN500122,P1181,2026-03-22,134,B00321,PLT-02,134
DL00524,ASN500048,P1182,2026-01-30,59,B00322,PLT-01,33
DL00524,ASN500048,P1182,2026-01-30,59,B00323,PLT-02,2
DL00524,ASN500048,P1182,2026-01-30,59,B00324,PLT-03,24
DL00525,ASN500023,P1182,2026-04-19,51,B00324,PLT-03,51
DL00526,ASN500092,P1183,2026-03-19,152,B00325,PLT-01,40
DL00526,ASN500092,P1183,2026-03-19,152,B00325,PLT-03,3
DL00526,ASN500092,P1183,2026-03-19,152,B00326,PLT-01,25
DL00526,ASN500092,P1183,2026-03-19,152,B00326,PLT-03,75
DL00530,ASN500095,P1185,2026-03-06,166,B00327,PLT-01,166
DL00538,ASN500033,P1189,2026-04-23,70,B00328,PLT-01,51
DL00538,ASN500033,P1189,2026-04-23,70,B00328,PLT-02,19
DL00539,ASN500009,P1189,2026-01-31,91,B00328,PLT-02,91
DL00540,ASN500046,P1189,2026-01-16,101,B00328,PLT-02,37
DL00540,ASN500046,P1189,2026-01-16,101,B00329,PLT-01,64
DL00541,ASN500007,P1189,2026-01-10,18,B00329,PLT-01,18
DL00542,ASN500094,P1189,2026-03-09,122,B00329,PLT-01,1
DL00542,ASN500094,P1189,2026-03-09,122,B00330,PLT-02,113
DL00542,ASN500094,P1189,2026-03-09,122,B00330,PLT-03,8
DL00543,ASN500101,P1190,2026-04-06,35,B00331,PLT-01,35
DL00544,ASN500065,P1191,2026-03-19,86,B00332,PLT-03,16
DL00544,ASN500065,P1191,2026-03-19,86,B00333,PLT-01,70
DL00545,ASN500022,P1192,2026-03-11,176,B00334,PLT-01,176
DL00546,ASN500100,P1192,2026-03-04,51,B00334,PLT-01,51
DL00547,ASN500094,P1193,2026-04-08,65,B00335,PLT-03,39
DL00547,ASN500094,P1193,2026-04-08,65,B00336,PLT-02,18
DL00547,ASN500094,P1193,2026-04-08,65,B00337,PLT-01,8
DL00548,ASN500056,P1193,2026-01-10,49,B00337,PLT-01,49
DL00549,ASN500090,P1194,2026-05-01,20,B00338,PLT-01,15
DL00549,ASN500090,P1194,2026-05-01,20,B00339,PLT-01,5
DL00550,ASN500007,P1194,2026-02-08,17,B00339,PLT-01,17
DL00551,ASN500131,P1194,2026-04-13,170,B00339,PLT-01,21
DL00560,ASN500036,P1197,2026-04-30,178,B00340,PLT-01,141
DL00560,ASN500036,P1197,2026-04-30,178,B00341,PLT-01,37
DL00561,ASN500003,P1197,2026-04-07,124,B00341,PLT-01,124
DL00562,ASN500009,P1198,2026-05-04,45,B00342,PLT-02,15
DL00562,ASN500009,P1198,2026-05-04,45,B00343,PLT-02,3
DL00562,ASN500009,P1198,2026-05-04,45,B00344,PLT-03,27
DL00563,ASN500056,P1198,2026-05-05,24,B00344,PLT-03,12
DL00564,ASN500095,P1199,2026-04-15,40,B00345,PLT-01,40
DL00565,ASN500114,P1199,2026-05-04,29,B00345,PLT-01,26
DL00569,ASN500093,P1200,2026-02-17,41,B00346,PLT-03,14
DL00569,ASN500093,P1200,2026-02-17,41,B00347,PLT-03,27
DL00570,ASN500014,P1201,2026-04-07,51,B00348,PLT-01,11
DL00570,ASN500014,P1201,2026-04-07,51,B00349,PLT-02,40
DL00571,ASN500115,P1201,2026-04-29,146,B00349,PLT-02,39
DL00574,ASN500006,P1203,2026-03-20,74,B00350,PLT-01,18
DL00574,ASN500006,P1203,2026-03-20,74,B00351,PLT-02,25
DL00574,ASN500006,P1203,2026-03-20,74,B00351,PLT-03,9
DL00576,ASN500066,P1204,2026-01-19,130,B00352,PLT-02,62
DL00576,ASN500066,P1204,2026-01-19,130,B00352,PLT-03,11
DL00576,ASN500066,P1204,2026-01-19,130,B00353,PLT-01,18
DL00576,ASN500066,P1204,2026-01-19,130,B00354,PLT-03,39
DL00577,ASN500081,P1204,2026-05-01,121,B00354,PLT-03,23
DL00578,ASN500029,P1205,2026-03-12,44,B00355,PLT-01,44
DL00579,ASN500014,P1205,2026-04-30,166,B00355,PLT-01,166
DL00580,ASN500054,P1205,2026-03-08,148,B00355,PLT-01,148
DL00581,ASN500073,P1205,2026-02-07,35,B00355,PLT-01,35
DL00582,ASN500093,P1206,2026-02-08,115,B00356,PLT-01,29
DL00582,ASN500093,P1206,2026-02-08,115,B00357,PLT-01,86
DL00583,ASN500061,P1206,2026-01-18,65,B00357,PLT-01,65
DL00584,ASN500074,P1207,2026-04-30,111,B00358,PLT-01,47
DL00584,ASN500074,P1207,2026-04-30,111,B00359,PLT-01,64
DL00585,ASN500041,P1207,2026-04-22,19,B00359,PLT-01,19
DL00586,ASN500075,P1207,2026-03-28,41,B00359,PLT-01,35
DL00586,ASN500075,P1207,2026-03-28,41,B00359,PLT-02,6
DL00587,ASN500004,P1207,2026-04-19,118,B00359,PLT-02,16
DL00588,ASN500087,P1208,2026-01-23,135,B00360,PLT-02,135
DL00589,ASN500113,P1208,2026-04-17,5,B00360,PLT-02,5
DL00590,ASN500134,P1208,2026-01-29,78,B00360,PLT-02,78
DL00591,ASN500092,P1208,2026-01-11,116,B00360,PLT-02,7
DL00591,ASN500092,P1208,2026-01-11,116,B00360,PLT-03,109
DL00592,ASN500104,P1208,2026-02-10,60,B00360,PLT-03,60
DL00593,ASN500046,P1209,2026-04-23,40,B00361,PLT-01,40
DL00594,ASN500046,P1209,2026-04-14,138,B00361,PLT-01,30
DL00594,ASN500046,P1209,2026-04-14,138,B00362,PLT-01,108
DL00595,ASN500058,P1209,2026-01-31,49,B00362,PLT-01,37
DL00600,ASN500002,P1211,2026-04-04,21,B00363,PLT-03,21
DL00601,ASN500133,P1211,2026-04-23,109,B00363,PLT-03,3
DL00601,ASN500133,P1211,2026-04-23,109,B00364,PLT-02,23
DL00601,ASN500133,P1211,2026-04-23,109,B00364,PLT-03,11
DL00601,ASN500133,P1211,2026-04-23,109,B00365,PLT-01,69
DL00601,ASN500133,P1211,2026-04-23,109,B00365,PLT-02,3
DL00602,ASN500132,P1212,2026-02-17,93,B00366,PLT-01,88
DL00602,ASN500132,P1212,2026-02-17,93,B00366,PLT-02,5
DL00606,ASN500093,P1214,2026-01-26,14,B00367,PLT-02,14
DL00607,ASN500095,P1214,2026-03-23,152,B00367,PLT-02,43
DL00607,ASN500095,P1214,2026-03-23,152,B00368,PLT-02,86
DL00607,ASN500095,P1214,2026-03-23,152,B00369,PLT-03,23
DL00608,ASN500001,P1214,2026-03-13,96,B00369,PLT-03,96
DL00609,ASN500114,P1214,2026-01-15,137,B00369,PLT-03,23
DL00611,ASN500082,P1215,2026-03-20,102,B00370,PLT-01,102
DL00612,ASN500015,P1215,2026-04-27,79,B00370,PLT-01,79
DL00613,ASN500126,P1216,2026-03-12,119,B00371,PLT-03,5
DL00613,ASN500126,P1216,2026-03-12,119,B00372,PLT-03,38
DL00613,ASN500126,P1216,2026-03-12,119,B00373,PLT-01,9
DL00613,ASN500126,P1216,2026-03-12,119,B00373,PLT-03,67
DL00614,ASN500135,P1217,2026-01-23,142,B00374,PLT-03,142
DL00616,ASN500046,P1219,2026-01-19,47,B00375,PLT-01,47
DL00617,ASN500079,P1219,2026-03-18,69,B00375,PLT-01,69
DL00618,ASN500007,P1219,2026-01-18,9,B00375,PLT-01,9
DL00619,ASN500049,P1219,2026-01-08,71,B00375,PLT-01,49
DL00621,ASN500026,P1220,2026-04-27,94,B00376,PLT-01,43
DL00621,ASN500026,P1220,2026-04-27,94,B00376,PLT-02,44
DL00621,ASN500026,P1220,2026-04-27,94,B00377,PLT-01,7
DL00622,ASN500024,P1220,2026-01-11,50,B00377,PLT-01,50
DL00623,ASN500069,P1220,2026-03-06,36,B00377,PLT-01,36
DL00624,ASN500126,P1220,2026-03-11,154,B00377,PLT-01,62
DL00624,ASN500126,P1220,2026-03-11,154,B00378,PLT-01,92
DL00625,ASN500028,P1221,2026-01-21,36,B00379,PLT-02,10
DL00625,ASN500028,P1221,2026-01-21,36,B00380,PLT-02,11
DL00625,ASN500028,P1221,2026-01-21,36,B00381,PLT-03,15
DL00626,ASN500103,P1221,2026-03-16,40,B00381,PLT-03,2
DL00633,ASN500061,P1223,2026-04-07,90,B00382,PLT-02,90
DL00634,ASN500111,P1223,2026-04-18,149,B00382,PLT-02,149
DL00635,ASN500082,P1223,2026-04-24,107,B00382,PLT-02,105
DL00637,ASN500090,P1224,2026-04-27,68,B00383,PLT-01,68
DL00638,ASN500108,P1224,2026-03-27,174,B00383,PLT-01,74
DL00638,ASN500108,P1224,2026-03-27,174,B00384,PLT-01,100
DL00639,ASN500093,P1225,2026-03-14,32,B00385,PLT-03,5
DL00639,ASN500093,P1225,2026-03-14,32,B00386,PLT-03,4
DL00639,ASN500093,P1225,2026-03-14,32,B00387,PLT-01,4
DL00640,ASN500017,P1226,2026-03-02,88,B00388,PLT-02,88
DL00641,ASN500051,P1226,2026-04-01,134,B00388,PLT-02,31
DL00641,ASN500051,P1226,2026-04-01,134,B00389,PLT-01,49
DL00641,ASN500051,P1226,2026-04-01,134,B00390,PLT-01,7
DL00641,ASN500051,P1226,2026-04-01,134,B00390,PLT-03,47
DL00642,ASN500057,P1227,2026-02-28,40,B00391,PLT-01,13
DL00642,ASN500057,P1227,2026-02-28,40,B00392,PLT-02,7
DL00642,ASN500057,P1227,2026-02-28,40,B00392,PLT-03,20
DL00647,ASN500025,P1229,2026-01-21,69,B00393,PLT-02,17
DL00647,ASN500025,P1229,2026-01-21,69,B00394,PLT-01,19
DL00648,ASN500003,P1230,2026-02-05,116,B00395,PLT-01,103
DL00648,ASN500003,P1230,2026-02-05,116,B00396,PLT-01,3
DL00648,ASN500003,P1230,2026-02-05,116,B00396,PLT-02,10
DL00649,ASN500010,P1230,2026-01-20,78,B00396,PLT-02,33
DL00649,ASN500010,P1230,2026-01-20,78,B00397,PLT-01,45
DL00650,ASN500078,P1230,2026-03-29,93,B00397,PLT-01,52
DL00657,ASN500139,P1232,2026-04-23,78,B00398,PLT-03,78
DL00662,ASN500079,P1234,2026-02-06,12,B00399,PLT-01,12
DL00663,ASN500085,P1234,2026-01-30,61,B00399,PLT-01,61
DL00664,ASN500131,P1234,2026-02-24,144,B00399,PLT-01,11
DL00666,ASN500041,P1235,2026-02-16,66,B00400,PLT-01,66
DL00667,ASN500083,P1235,2026-02-09,130,B00400,PLT-01,64
DL00667,ASN500083,P1235,2026-02-09,130,B00400,PLT-03,66
DL00668,ASN500072,P1235,2026-02-12,60,B00400,PLT-03,60
DL00669,ASN500005,P1236,2026-03-17,45,B00401,PLT-03,19
DL00669,ASN500005,P1236,2026-03-17,45,B00402,PLT-02,26
DL00670,ASN500089,P1237,2026-03-31,117,B00403,PLT-02,117
DL00671,ASN500132,P1238,2026-04-22,104,B00404,PLT-03,104
DL00672,ASN500090,P1239,2026-03-13,32,B00405,PLT-01,32
DL00673,ASN500057,P1239,2026-04-10,178,B00405,PLT-01,178
DL00674,ASN500039,P1239,2026-02-18,111,B00405,PLT-01,2
DL00676,ASN500070,P1240,2026-01-18,137,B00406,PLT-03,137
DL00677,ASN500121,P1240,2026-04-16,73,B00406,PLT-03,73
DL00678,ASN500105,P1241,2026-01-06,31,B00407,PLT-03,31
DL00679,ASN500105,P1241,2026-03-21,145,B00407,PLT-03,25
DL00679,ASN500105,P1241,2026-03-21,145,B00408,PLT-01,120
DL00680,ASN500127,P1242,2026-03-20,106,B00409,PLT-03,106
DL00683,ASN500117,P1244,2026-04-08,78,B00410,PLT-02,78
DL00684,ASN500090,P1244,2026-02-20,79,B00410,PLT-02,36
DL00684,ASN500090,P1244,2026-02-20,79,B00411,PLT-01,43
DL00685,ASN500100,P1244,2026-03-18,139,B00411,PLT-01,139
DL00686,ASN500098,P1244,2026-02-16,170,B00411,PLT-01,170
DL00687,ASN500127,P1245,2026-03-03,102,B00412,PLT-01,35
DL00687,ASN500127,P1245,2026-03-03,102,B00412,PLT-02,2
DL00687,ASN500127,P1245,2026-03-03,102,B00413,PLT-03,13
DL00687,ASN500127,P1245,2026-03-03,102,B00414,PLT-01,52
DL00688,ASN500047,P1246,2026-02-13,142,B00415,PLT-03,106
DL00692,ASN500062,P1248,2026-02-01,88,B00416,PLT-02,88
DL00693,ASN500109,P1248,2026-01-09,7,B00416,PLT-02,7
DL00694,ASN500012,P1248,2026-03-19,70,B00416,PLT-02,17
DL00694,ASN500012,P1248,2026-03-19,70,B00417,PLT-03,53
DL00695,ASN500127,P1248,2026-05-03,81,B00417,PLT-03,3
DL00695,ASN500127,P1248,2026-05-03,81,B00418,PLT-02,78
DL00696,ASN500137,P1248,2026-03-15,84,B00418,PLT-02,84
DL00702,ASN500134,P1250,2026-01-18,63,B00419,PLT-01,13
DL00702,ASN500134,P1250,2026-01-18,63,B00420,PLT-03,16
DL00703,ASN500095,P1251,2026-02-26,133,B00421,PLT-01,4
DL00703,ASN500095,P1251,2026-02-26,133,B00421,PLT-03,16
DL00703,ASN500095,P1251,2026-02-26,133,B00422,PLT-01,53
DL00703,ASN500095,P1251,2026-02-26,133,B00422,PLT-02,60
DL00704,ASN500039,P1251,2026-02-28,53,B00422,PLT-02,16
DL00707,ASN500043,P1252,2026-02-15,97,B00423,PLT-01,26
DL00707,ASN500043,P1252,2026-02-15,97,B00423,PLT-02,12
DL00708,ASN500019,P1253,2026-03-12,84,B00424,PLT-03,29
DL00708,ASN500019,P1253,2026-03-12,84,B00425,PLT-01,55
DL00709,ASN500044,P1253,2026-03-30,33,B00425,PLT-01,33
DL00710,ASN500075,P1253,2026-04-21,92,B00425,PLT-01,92
DL00711,ASN500107,P1254,2026-01-26,166,B00426,PLT-02,111
DL00711,ASN500107,P1254,2026-01-26,166,B00426,PLT-03,55
DL00712,ASN500134,P1254,2026-04-20,79,B00426,PLT-03,79
DL00713,ASN500130,P1254,2026-03-11,58,B00426,PLT-03,58
DL00714,ASN500048,P1254,2026-01-29,110,B00426,PLT-03,110
DL00715,ASN500015,P1254,2026-03-19,166,B00426,PLT-03,166
DL00716,ASN500027,P1255,2026-03-19,95,B00427,PLT-02,38
DL00716,ASN500027,P1255,2026-03-19,95,B00427,PLT-03,57
DL00717,ASN500010,P1255,2026-01-07,110,B00427,PLT-03,110
DL00718,ASN500000,P1255,2026-04-06,83,B00427,PLT-03,83
DL00719,ASN500001,P1255,2026-02-25,82,B00427,PLT-03,82
DL00720,ASN500025,P1255,2026-01-07,155,B00427,PLT-03,155
DL00721,ASN500050,P1256,2026-03-10,49,B00428,PLT-02,13
DL00721,ASN500050,P1256,2026-03-10,49,B00429,PLT-02,8
DL00721,ASN500050,P1256,2026-03-10,49,B00430,PLT-02,6
DL00721,ASN500050,P1256,2026-03-10,49,B00430,PLT-03,22
DL00722,ASN500068,P1257,2026-04-30,170,B00431,PLT-02,136
DL00722,ASN500068,P1257,2026-04-30,170,B00432,PLT-01,34
DL00723,ASN500136,P1257,2026-01-24,136,B00432,PLT-01,20
DL00723,ASN500136,P1257,2026-01-24,136,B00432,PLT-02,53
DL00723,ASN500136,P1257,2026-01-24,136,B00433,PLT-03,63
DL00724,ASN500050,P1257,2026-03-24,110,B00433,PLT-03,83
DL00727,ASN500025,P1258,2026-01-27,24,B00434,PLT-03,4
DL00727,ASN500025,P1258,2026-01-27,24,B00435,PLT-01,9
DL00727,ASN500025,P1258,2026-01-27,24,B00436,PLT-01,11
DL00728,ASN500125,P1259,2026-03-25,124,B00437,PLT-01,5
DL00728,ASN500125,P1259,2026-03-25,124,B00438,PLT-01,119
DL00729,ASN500110,P1259,2026-03-30,20,B00438,PLT-03,20
DL00730,ASN500003,P1259,2026-04-14,180,B00438,PLT-03,180
DL00731,ASN500082,P1259,2026-04-07,41,B00438,PLT-03,41
DL00732,ASN500060,P1259,2026-02-10,95,B00438,PLT-03,95
DL00733,ASN500008,P1260,2026-03-27,73,B00439,PLT-02,17
DL00733,ASN500008,P1260,2026-03-27,73,B00440,PLT-03,56
DL00734,ASN500025,P1260,2026-01-14,154,B00440,PLT-03,98
DL00735,ASN500049,P1261,2026-03-26,120,B00441,PLT-01,61
DL00735,ASN500049,P1261,2026-03-26,120,B00441,PLT-03,59
DL00736,ASN500098,P1261,2026-01-12,10,B00441,PLT-03,10
DL00737,ASN500056,P1261,2026-03-21,106,B00441,PLT-03,32
DL00738,ASN500112,P1262,2026-03-26,18,B00442,PLT-03,18
DL00739,ASN500063,P1263,2026-01-11,62,B00443,PLT-01,15
DL00739,ASN500063,P1263,2026-01-11,62,B00444,PLT-01,19
DL00739,ASN500063,P1263,2026-01-11,62,B00444,PLT-02,3
DL00739,ASN500063,P1263,2026-01-11,62,B00445,PLT-02,25
DL00740,ASN500040,P1263,2026-04-25,155,B00445,PLT-02,34
DL00741,ASN500080,P1264,2026-05-01,6,B00446,PLT-01,6
DL00742,ASN500116,P1264,2026-02-28,82,B00446,PLT-01,5
DL00742,ASN500116,P1264,2026-02-28,82,B00447,PLT-03,4
DL00742,ASN500116,P1264,2026-02-28,82,B00448,PLT-02,49
DL00743,ASN500064,P1265,2026-01-14,131,B00449,PLT-02,22
DL00743,ASN500064,P1265,2026-01-14,131,B00449,PLT-03,26
DL00743,ASN500064,P1265,2026-01-14,131,B00450,PLT-01,46
DL00743,ASN500064,P1265,2026-01-14,131,B00451,PLT-02,37
DL00744,ASN500062,P1265,2026-02-24,178,B00451,PLT-02,21
DL00748,ASN500091,P1266,2026-01-29,102,B00452,PLT-01,35
DL00748,ASN500091,P1266,2026-01-29,102,B00452,PLT-02,15
DL00748,ASN500091,P1266,2026-01-29,102,B00453,PLT-02,13
DL00748,ASN500091,P1266,2026-01-29,102,B00453,PLT-03,39
DL00749,ASN500001,P1266,2026-02-25,79,B00453,PLT-03,79
DL00750,ASN500092,P1267,2026-02-17,34,B00454,PLT-03,34
DL00751,ASN500136,P1267,2026-02-17,103,B00454,PLT-03,38
DL00751,ASN500136,P1267,2026-02-17,103,B00455,PLT-02,15
DL00751,ASN500136,P1267,2026-02-17,103,B00456,PLT-01,50
DL00752,ASN500103,P1267,2026-01-14,171,B00456,PLT-01,2
DL00752,ASN500103,P1267,2026-01-14,171,B00456,PLT-02,136
DL00755,ASN500048,P1268,2026-02-11,124,B00457,PLT-01,67
DL00755,ASN500048,P1268,2026-02-11,124,B00457,PLT-02,4
DL00755,ASN500048,P1268,2026-02-11,124,B00458,PLT-01,35
DL00755,ASN500048,P1268,2026-02-11,124,B00458,PLT-03,18
DL00756,ASN500088,P1268,2026-03-02,65,B00458,PLT-03,40
DL00756,ASN500088,P1268,2026-03-02,65,B00459,PLT-02,25
DL00757,ASN500008,P1268,2026-04-01,76,B00459,PLT-02,76
DL00758,ASN500006,P1268,2026-04-19,92,B00459,PLT-02,92
DL00759,ASN500061,P1269,2026-01-17,38,B00460,PLT-02,29
DL00759,ASN500061,P1269,2026-01-17,38,B00461,PLT-02,9
DL00760,ASN500050,P1269,2026-03-16,74,B00461,PLT-02,34
DL00760,ASN500050,P1269,2026-03-16,74,B00462,PLT-01,40
DL00761,ASN500113,P1270,2026-04-23,124,B00463,PLT-03,52
DL00763,ASN500055,P1271,2026-02-23,108,B00464,PLT-02,108
DL00764,ASN500053,P1271,2026-03-07,81,B00464,PLT-02,59
DL00766,ASN500033,P1272,2026-03-23,71,B00465,PLT-01,6
DL00766,ASN500033,P1272,2026-03-23,71,B00466,PLT-01,65
DL00767,ASN500112,P1272,2026-02-22,155,B00466,PLT-03,44
DL00770,ASN500131,P1273,2026-03-16,28,B00467,PLT-01,4
DL00770,ASN500131,P1273,2026-03-16,28,B00468,PLT-02,2
DL00770,ASN500131,P1273,2026-03-16,28,B00469,PLT-02,14
DL00774,ASN500059,P1275,2026-01-30,87,B00470,PLT-01,31
DL00774,ASN500059,P1275,2026-01-30,87,B00471,PLT-01,21
DL00774,ASN500059,P1275,2026-01-30,87,B00472,PLT-03,35
DL00775,ASN500027,P1275,2026-03-18,22,B00472,PLT-03,22
DL00776,ASN500128,P1276,2026-01-30,81,B00473,PLT-01,4
DL00776,ASN500128,P1276,2026-01-30,81,B00474,PLT-01,51
DL00776,ASN500128,P1276,2026-01-30,81,B00474,PLT-03,5
DL00776,ASN500128,P1276,2026-01-30,81,B00475,PLT-03,21
DL00777,ASN500016,P1276,2026-01-17,84,B00475,PLT-03,39
DL00779,ASN500072,P1277,2026-02-26,96,B00476,PLT-01,56
DL00779,ASN500072,P1277,2026-02-26,96,B00476,PLT-02,40
DL00780,ASN500118,P1277,2026-04-28,165,B00476,PLT-02,32
DL00780,ASN500118,P1277,2026-04-28,165,B00477,PLT-02,38
DL00780,ASN500118,P1277,2026-04-28,165,B00478,PLT-01,95
DL00781,ASN500033,P1277,2026-01-28,75,B00478,PLT-01,1
DL00781,ASN500033,P1277,2026-01-28,75,B00478,PLT-03,71
DL00783,ASN500105,P1278,2026-03-31,11,B00479,PLT-01,11
DL00784,ASN500118,P1278,2026-04-24,68,B00479,PLT-01,5
DL00784,ASN500118,P1278,2026-04-24,68,B00480,PLT-02,11
DL00784,ASN500118,P1278,2026-04-24,68,B00481,PLT-02,9
DL00784,ASN500118,P1278,2026-04-24,68,B00481,PLT-03,17
DL00786,ASN500046,P1279,2026-01-20,79,B00482,PLT-02,8
DL00786,ASN500046,P1279,2026-01-20,79,B00483,PLT-03,45
DL00787,ASN500056,P1280,2026-01-11,178,B00484,PLT-02,62
DL00787,ASN500056,P1280,2026-01-11,178,B00485,PLT-03,112
DL00787,ASN500056,P1280,2026-01-11,178,B00486,PLT-01,4
DL00788,ASN500103,P1280,2026-03-24,15,B00486,PLT-01,15
DL00789,ASN500041,P1280,2026-01-31,115,B00486,PLT-01,115
DL00790,ASN500039,P1281,2026-04-10,102,B00487,PLT-01,16
DL00790,ASN500039,P1281,2026-04-10,102,B00487,PLT-03,17
DL00790,ASN500039,P1281,2026-04-10,102,B00488,PLT-03,69
DL00791,ASN500010,P1281,2026-02-14,146,B00488,PLT-03,74
DL00791,ASN500010,P1281,2026-02-14,146,B00489,PLT-01,72
DL00792,ASN500045,P1281,2026-04-23,149,B00489,PLT-01,88
DL00793,ASN500127,P1282,2026-02-07,138,B00490,PLT-01,138
DL00794,ASN500111,P1282,2026-04-03,176,B00490,PLT-01,176
DL00800,ASN500022,P1284,2026-04-04,111,B00491,PLT-02,14
DL00800,ASN500022,P1284,2026-04-04,111,B00491,PLT-03,97
DL00801,ASN500100,P1284,2026-04-22,162,B00491,PLT-03,39
DL00807,ASN500032,P1287,2026-04-13,130,B00492,PLT-02,130
DL00808,ASN500048,P1287,2026-04-05,16,B00492,PLT-02,16
DL00809,ASN500066,P1287,2026-03-16,49,B00492,PLT-02,49
DL00810,ASN500041,P1287,2026-02-05,168,B00492,PLT-02,168
DL00811,ASN500139,P1287,2026-02-06,71,B00492,PLT-02,71
DL00812,ASN500043,P1288,2026-02-19,96,B00493,PLT-02,7
DL00812,ASN500043,P1288,2026-02-19,96,B00494,PLT-03,39
DL00822,ASN500039,P1291,2026-03-06,158,B00495,PLT-02,74
DL00822,ASN500039,P1291,2026-03-06,158,B00496,PLT-01,52
DL00822,ASN500039,P1291,2026-03-06,158,B00497,PLT-01,32
DL00823,ASN500103,P1291,2026-01-20,57,B00497,PLT-01,57
DL00824,ASN500003,P1292,2026-03-09,97,B00498,PLT-01,97
DL00825,ASN500052,P1292,2026-01-13,16,B00498,PLT-01,16
DL00826,ASN500071,P1292,2026-01-31,82,B00498,PLT-01,30
DL00826,ASN500071,P1292,2026-01-31,82,B00499,PLT-01,52
DL00827,ASN500079,P1293,2026-01-20,119,B00500,PLT-02,59
DL00827,ASN500079,P1293,2026-01-20,119,B00501,PLT-01,60
DL00828,ASN500083,P1294,2026-03-06,118,B00502,PLT-01,9
DL00828,ASN500083,P1294,2026-03-06,118,B00502,PLT-03,37
DL00828,ASN500083,P1294,2026-03-06,118,B00503,PLT-01,22
DL00828,ASN500083,P1294,2026-03-06,118,B00504,PLT-01,50
DL00829,ASN500092,P1294,2026-01-27,79,B00504,PLT-01,79
DL00830,ASN500018,P1295,2026-01-07,16,B00505,PLT-02,16
DL00831,ASN500119,P1295,2026-01-16,129,B00505,PLT-02,129
DL00832,ASN500084,P1295,2026-02-08,149,B00505,PLT-02,149
DL00833,ASN500027,P1295,2026-03-09,170,B00505,PLT-02,170
DL00834,ASN500111,P1295,2026-01-30,130,B00505,PLT-02,130
DL00835,ASN500082,P1296,2026-02-20,7,B00506,PLT-01,7
DL00836,ASN500023,P1296,2026-02-11,169,B00506,PLT-01,95
DL00836,ASN500023,P1296,2026-02-11,169,B00506,PLT-02,53
DL00836,ASN500023,P1296,2026-02-11,169,B00507,PLT-01,21
DL00837,ASN500064,P1296,2026-02-06,172,B00507,PLT-01,172
DL00838,ASN500020,P1296,2026-04-11,40,B00507,PLT-01,40
DL00839,ASN500007,P1296,2026-04-15,11,B00507,PLT-01,11
DL00840,ASN500037,P1297,2026-02-22,80,B00508,PLT-03,80
DL00841,ASN500047,P1297,2026-03-14,168,B00508,PLT-03,130
DL00844,ASN500047,P1298,2026-04-21,170,B00509,PLT-02,59
DL00844,ASN500047,P1298,2026-04-21,170,B00509,PLT-03,111
DL00845,ASN500091,P1298,2026-02-04,86,B00509,PLT-03,2
DL00849,ASN500012,P1300,2026-03-10,60,B00510,PLT-03,26
DL00849,ASN500012,P1300,2026-03-10,60,B00511,PLT-01,34
DL00850,ASN500108,P1300,2026-04-09,132,B00511,PLT-01,85
DL00850,ASN500108,P1300,2026-04-09,132,B00512,PLT-01,47
DL00851,ASN500040,P1300,2026-03-24,81,B00512,PLT-01,27
DL00851,ASN500040,P1300,2026-03-24,81,B00512,PLT-03,54
DL00852,ASN500020,P1300,2026-04-04,41,B00512,PLT-03,41
DL00853,ASN500041,P1301,2026-03-03,40,B00513,PLT-01,31
DL00855,ASN500122,P1302,2026-02-02,53,B00514,PLT-03,3
DL00855,ASN500122,P1302,2026-02-02,53,B00515,PLT-01,26
DL00855,ASN500122,P1302,2026-02-02,53,B00515,PLT-02,24
DL00856,ASN500095,P1302,2026-01-10,5,B00515,PLT-02,5
DL00857,ASN500130,P1302,2026-01-24,113,B00515,PLT-02,8
DL00857,ASN500130,P1302,2026-01-24,113,B00516,PLT-01,52
DL00857,ASN500130,P1302,2026-01-24,113,B00516,PLT-03,19
DL00859,ASN500131,P1303,2026-04-29,112,B00517,PLT-01,51
DL00859,ASN500131,P1303,2026-04-29,112,B00518,PLT-03,22
DL00859,ASN500131,P1303,2026-04-29,112,B00519,PLT-01,39
DL00868,ASN500020,P1306,2026-04-08,20,B00520,PLT-02,20
DL00869,ASN500084,P1306,2026-03-31,160,B00520,PLT-02,151
DL00869,ASN500084,P1306,2026-03-31,160,B00520,PLT-03,9
DL00870,ASN500076,P1306,2026-03-20,149,B00520,PLT-03,80
DL00870,ASN500076,P1306,2026-03-20,149,B00521,PLT-02,69
DL00871,ASN500107,P1306,2026-03-08,99,B00521,PLT-02,99
DL00872,ASN500035,P1306,2026-04-26,81,B00521,PLT-02,81
DL00876,ASN500095,P1308,2026-03-21,147,B00522,PLT-03,147
DL00877,ASN500106,P1308,2026-03-14,97,B00522,PLT-03,84
DL00877,ASN500106,P1308,2026-03-14,97,B00523,PLT-01,13
DL00878,ASN500061,P1308,2026-03-03,149,B00523,PLT-01,149
DL00879,ASN500101,P1308,2026-01-20,71,B00523,PLT-01,71
DL00880,ASN500058,P1308,2026-04-29,51,B00523,PLT-01,51
DL00881,ASN500028,P1309,2026-04-26,61,B00524,PLT-03,61
DL00882,ASN500064,P1309,2026-01-18,171,B00524,PLT-03,171
DL00889,ASN500129,P1312,2026-03-27,34,B00525,PLT-02,34
DL00890,ASN500131,P1312,2026-03-05,31,B00525,PLT-02,31
DL00891,ASN500100,P1312,2026-01-27,144,B00525,PLT-02,144
DL00892,ASN500049,P1312,2026-03-07,149,B00525,PLT-02,6
DL00892,ASN500049,P1312,2026-03-07,149,B00525,PLT-03,143
DL00893,ASN500023,P1312,2026-02-22,40,B00525,PLT-03,40
DL00894,ASN500014,P1313,2026-02-05,108,B00526,PLT-01,108
DL00895,ASN500012,P1313,2026-01-11,100,B00526,PLT-01,100
DL00896,ASN500003,P1313,2026-02-02,157,B00526,PLT-01,21
DL00896,ASN500003,P1313,2026-02-02,157,B00527,PLT-01,136
DL00897,ASN500117,P1313,2026-01-21,81,B00527,PLT-01,81
DL00898,ASN500034,P1313,2026-05-02,114,B00527,PLT-01,114
DL00899,ASN500051,P1314,2026-01-20,149,B00528,PLT-01,10
DL00899,ASN500051,P1314,2026-01-20,149,B00528,PLT-02,99
DL00900,ASN500043,P1315,2026-04-11,98,B00529,PLT-01,98
DL00901,ASN500087,P1315,2026-01-07,179,B00529,PLT-01,8
DL00901,ASN500087,P1315,2026-01-07,179,B00530,PLT-01,171
DL00902,ASN500065,P1315,2026-02-05,36,B00530,PLT-01,36
DL00903,ASN500131,P1316,2026-02-20,139,B00531,PLT-02,81
DL00903,ASN500131,P1316,2026-02-20,139,B00531,PLT-03,25
DL00903,ASN500131,P1316,2026-02-20,139,B00532,PLT-03,31
DL00903,ASN500131,P1316,2026-02-20,139,B00533,PLT-01,2
DL00904,ASN500125,P1316,2026-04-20,16,B00533,PLT-01,16
DL00905,ASN500090,P1316,2026-02-20,30,B00533,PLT-01,30
DL00906,ASN500083,P1317,2026-01-20,159,B00534,PLT-01,4
DL00906,ASN500083,P1317,2026-01-20,159,B00534,PLT-03,155
DL00907,ASN500008,P1317,2026-02-06,177,B00534,PLT-03,62
DL00907,ASN500008,P1317,2026-02-06,177,B00535,PLT-02,52
DL00907,ASN500008,P1317,2026-02-06,177,B00536,PLT-02,63
DL00908,ASN500065,P1317,2026-01-30,95,B00536,PLT-02,95
DL00909,ASN500114,P1317,2026-04-23,10,B00536,PLT-02,10
DL00910,ASN500112,P1317,2026-04-17,34,B00536,PLT-02,34
DL00911,ASN500124,P1318,2026-01-15,33,B00537,PLT-03,2
DL00911,ASN500124,P1318,2026-01-15,33,B00538,PLT-02,20
DL00912,ASN500047,P1319,2026-03-17,43,B00539,PLT-01,43
DL00913,ASN500074,P1319,2026-04-01,180,B00539,PLT-01,24
DL00913,ASN500074,P1319,2026-04-01,180,B00540,PLT-03,156
DL00914,ASN500097,P1319,2026-03-22,41,B00540,PLT-03,41
DL00915,ASN500137,P1320,2026-03-03,73,B00541,PLT-02,7
DL00915,ASN500137,P1320,2026-03-03,73,B00542,PLT-02,66
DL00916,ASN500003,P1320,2026-02-18,11,B00542,PLT-02,11
DL00917,ASN500038,P1320,2026-03-11,129,B00542,PLT-02,17
DL00918,ASN500008,P1321,2026-01-15,14,B00543,PLT-03,13
DL00918,ASN500008,P1321,2026-01-15,14,B00544,PLT-02,1
DL00919,ASN500046,P1321,2026-04-20,163,B00544,PLT-02,59
DL00919,ASN500046,P1321,2026-04-20,163,B00545,PLT-02,104
DL00920,ASN500100,P1321,2026-01-26,126,B00545,PLT-02,126
DL00921,ASN500114,P1321,2026-02-04,105,B00545,PLT-02,105
DL00922,ASN500132,P1322,2026-02-21,24,B00546,PLT-01,24
DL00923,ASN500084,P1322,2026-02-02,140,B00546,PLT-01,140
DL00924,ASN500079,P1322,2026-03-22,38,B00546,PLT-01,38
DL00925,ASN500011,P1322,2026-01-27,59,B00546,PLT-01,59
DL00926,ASN500092,P1322,2026-02-17,124,B00546,PLT-01,124
DL00927,ASN500119,P1323,2026-05-05,104,B00547,PLT-01,33
DL00927,ASN500119,P1323,2026-05-05,104,B00547,PLT-03,71
DL00928,ASN500090,P1323,2026-01-06,85,B00547,PLT-03,85
DL00929,ASN500085,P1323,2026-03-08,153,B00547,PLT-03,5
DL00929,ASN500085,P1323,2026-03-08,153,B00548,PLT-01,148
DL00930,ASN500085,P1323,2026-01-08,63,B00548,PLT-01,63
DL00931,ASN500063,P1323,2026-04-28,122,B00548,PLT-01,68
DL00931,ASN500063,P1323,2026-04-28,122,B00548,PLT-02,54
DL00932,ASN500011,P1324,2026-01-24,166,B00549,PLT-03,166
DL00933,ASN500036,P1324,2026-02-24,74,B00549,PLT-03,3
DL00933,ASN500036,P1324,2026-02-24,74,B00550,PLT-03,4
DL00933,ASN500036,P1324,2026-02-24,74,B00551,PLT-01,67
DL00934,ASN500069,P1324,2026-03-11,21,B00551,PLT-01,21
DL00935,ASN500067,P1324,2026-03-19,96,B00551,PLT-01,96
DL00936,ASN500135,P1324,2026-01-23,154,B00551,PLT-01,50
DL00937,ASN500024,P1325,2026-04-15,56,B00552,PLT-03,10
DL00937,ASN500024,P1325,2026-04-15,56,B00553,PLT-01,24
DL00938,ASN500025,P1326,2026-04-17,97,B00554,PLT-02,8
DL00938,ASN500025,P1326,2026-04-17,97,B00555,PLT-03,76
DL00938,ASN500025,P1326,2026-04-17,97,B00556,PLT-01,13
DL00939,ASN500072,P1326,2026-04-27,65,B00556,PLT-01,65
DL00940,ASN500036,P1326,2026-01-15,179,B00556,PLT-01,179
DL00941,ASN500077,P1326,2026-04-10,92,B00556,PLT-01,92
DL00945,ASN500082,P1328,2026-03-11,128,B00557,PLT-01,128
DL00946,ASN500094,P1328,2026-04-19,67,B00557,PLT-01,67
DL00947,ASN500060,P1328,2026-01-25,94,B00557,PLT-01,35
DL00950,ASN500077,P1330,2026-03-22,48,B00558,PLT-03,48
DL00951,ASN500016,P1330,2026-02-13,41,B00558,PLT-03,41
DL00952,ASN500078,P1330,2026-04-09,69,B00558,PLT-03,69
DL00953,ASN500087,P1330,2026-05-03,23,B00558,PLT-03,23
DL00954,ASN500020,P1331,2026-01-28,154,B00559,PLT-01,13
DL00954,ASN500020,P1331,2026-01-28,154,B00559,PLT-02,71
DL00954,ASN500020,P1331,2026-01-28,154,B00560,PLT-02,70
DL00955,ASN500077,P1331,2026-02-20,153,B00560,PLT-02,81
DL00955,ASN500077,P1331,2026-02-20,153,B00561,PLT-01,72
DL00956,ASN500091,P1332,2026-04-08,114,B00562,PLT-02,114
DL00957,ASN500017,P1332,2026-02-15,129,B00562,PLT-02,129
DL00958,ASN500044,P1332,2026-04-30,75,B00562,PLT-02,75
DL00959,ASN500065,P1332,2026-01-08,144,B00562,PLT-02,144
DL00960,ASN500068,P1333,2026-04-06,65,B00563,PLT-02,65
DL00961,ASN500005,P1333,2026-01-12,60,B00563,PLT-02,36
DL00962,ASN500114,P1334,2026-04-30,56,B00564,PLT-01,56
DL00963,ASN500072,P1334,2026-03-29,133,B00564,PLT-01,133
DL00964,ASN500025,P1334,2026-02-05,55,B00564,PLT-01,55
DL00965,ASN500014,P1334,2026-03-23,38,B00564,PLT-01,38
DL00966,ASN500020,P1335,2026-04-19,23,B00565,PLT-01,22
DL00966,ASN500020,P1335,2026-04-19,23,B00565,PLT-02,1
DL00967,ASN500087,P1336,2026-01-06,39,B00566,PLT-02,39
DL00968,ASN500048,P1336,2026-03-15,74,B00566,PLT-02,74
DL00969,ASN500003,P1336,2026-02-16,168,B00566,PLT-02,168
DL00970,ASN500007,P1336,2026-02-16,59,B00566,PLT-02,59
DL00971,ASN500083,P1336,2026-03-30,11,B00566,PLT-02,11
DL00976,ASN500065,P1338,2026-04-27,123,B00567,PLT-01,123
DL00977,ASN500003,P1338,2026-05-04,11,B00567,PLT-01,11
DL00978,ASN500081,P1338,2026-03-30,149,B00567,PLT-01,33
DL00980,ASN500084,P1339,2026-01-17,45,B00568,PLT-01,45
DL00981,ASN500004,P1339,2026-02-01,44,B00568,PLT-01,44
DL00982,ASN500036,P1339,2026-04-14,140,B00568,PLT-01,140
DL00983,ASN500023,P1339,2026-04-20,96,B00568,PLT-01,96
DL00984,ASN500092,P1339,2026-02-19,113,B00568,PLT-01,113
DL00985,ASN500039,P1340,2026-03-24,173,B00569,PLT-02,173
DL00986,ASN500084,P1340,2026-04-10,63,B00569,PLT-02,63
DL00987,ASN500066,P1340,2026-04-13,127,B00569,PLT-02,127
DL00988,ASN500008,P1340,2026-02-14,170,B00569,PLT-02,170
DL00989,ASN500116,P1340,2026-02-10,148,B00569,PLT-02,148
DL00993,ASN500092,P1342,2026-03-27,43,B00570,PLT-02,13
DL00994,ASN500102,P1343,2026-05-05,28,B00571,PLT-02,12
DL00994,ASN500102,P1343,2026-05-05,28,B00571,PLT-03,16
DL00995,ASN500007,P1343,2026-01-23,164,B00571,PLT-03,26
DL00995,ASN500007,P1343,2026-01-23,164,B00572,PLT-03,67
DL00996,ASN500015,P1344,2026-03-11,144,B00573,PLT-01,33
DL00996,ASN500015,P1344,2026-03-11,144,B00574,PLT-01,96
DL00996,ASN500015,P1344,2026-03-11,144,B00574,PLT-03,15
DL00997,ASN500046,P1345,2026-05-06,71,B00575,PLT-01,71
DL00998,ASN500093,P1345,2026-05-01,43,B00575,PLT-01,43
DL00999,ASN500041,P1346,2026-01-09,140,B00576,PLT-02,1
DL00999,ASN500041,P1346,2026-01-09,140,B00577,PLT-02,38
DL00999,ASN500041,P1346,2026-01-09,140,B00577,PLT-03,37
DL01001,ASN500054,P1347,2026-05-02,167,B00578,PLT-01,37
DL01001,ASN500054,P1347,2026-05-02,167,B00578,PLT-02,45
DL01001,ASN500054,P1347,2026-05-02,167,B00579,PLT-01,10
DL01001,ASN500054,P1347,2026-05-02,167,B00579,PLT-03,75
DL01002,ASN500088,P1347,2026-03-05,104,B00579,PLT-03,29
DL01002,ASN500088,P1347,2026-03-05,104,B00580,PLT-02,75
DL01003,ASN500054,P1347,2026-04-17,87,B00580,PLT-02,87
DL01004,ASN500006,P1347,2026-03-31,32,B00580,PLT-02,32
DL01005,ASN500016,P1348,2026-05-02,170,B00581,PLT-01,170
DL01010,ASN500067,P1350,2026-02-05,116,B00582,PLT-01,41
DL01010,ASN500067,P1350,2026-02-05,116,B00583,PLT-01,48
DL01011,ASN500090,P1351,2026-02-16,57,B00584,PLT-03,23
DL01011,ASN500090,P1351,2026-02-16,57,B00585,PLT-01,34
DL01012,ASN500108,P1351,2026-02-10,169,B00585,PLT-01,32
DL01013,ASN500127,P1352,2026-03-19,60,B00586,PLT-01,60
DL01014,ASN500040,P1352,2026-04-26,127,B00586,PLT-01,121
DL01014,ASN500040,P1352,2026-04-26,127,B00586,PLT-02,6
DL01015,ASN500068,P1352,2026-04-21,39,B00586,PLT-02,39
DL01019,ASN500115,P1354,2026-03-21,59,B00587,PLT-02,3
DL01019,ASN500115,P1354,2026-03-21,59,B00587,PLT-03,56
DL01020,ASN500013,P1354,2026-04-24,58,B00587,PLT-03,55
DL01020,ASN500013,P1354,2026-04-24,58,B00588,PLT-01,3
DL01021,ASN500092,P1354,2026-04-15,16,B00588,PLT-01,16
DL01022,ASN500112,P1354,2026-03-02,51,B00588,PLT-01,51
DL01023,ASN500035,P1354,2026-04-03,81,B00588,PLT-01,81
DL01025,ASN500034,P1356,2026-01-25,82,B00589,PLT-01,20
DL01025,ASN500034,P1356,2026-01-25,82,B00589,PLT-02,9
DL01025,ASN500034,P1356,2026-01-25,82,B00590,PLT-01,5
DL01025,ASN500034,P1356,2026-01-25,82,B00590,PLT-03,23
DL01025,ASN500034,P1356,2026-01-25,82,B00591,PLT-01,25
DL01026,ASN500090,P1357,2026-04-12,29,B00592,PLT-02,29
DL01027,ASN500043,P1357,2026-04-03,123,B00592,PLT-02,123
DL01028,ASN500101,P1357,2026-02-28,28,B00592,PLT-02,28
DL01029,ASN500086,P1357,2026-05-03,169,B00592,PLT-02,16
DL01029,ASN500086,P1357,2026-05-03,169,B00593,PLT-01,153
DL01030,ASN500101,P1357,2026-04-30,90,B00593,PLT-01,90
DL01031,ASN500060,P1358,2026-04-17,56,B00594,PLT-03,3
DL01031,ASN500060,P1358,2026-04-17,56,B00595,PLT-01,7
DL01031,ASN500060,P1358,2026-04-17,56,B00596,PLT-01,17
DL01031,ASN500060,P1358,2026-04-17,56,B00596,PLT-02,5
DL01033,ASN500059,P1360,2026-03-02,152,B00597,PLT-03,74
DL01033,ASN500059,P1360,2026-03-02,152,B00598,PLT-03,78
DL01034,ASN500026,P1360,2026-01-12,10,B00598,PLT-03,10
DL01035,ASN500081,P1360,2026-04-28,21,B00598,PLT-03,21
DL01036,ASN500028,P1360,2026-03-09,35,B00598,PLT-03,35
DL01037,ASN500034,P1360,2026-03-01,139,B00598,PLT-03,139
DL01038,ASN500045,P1361,2026-04-03,62,B00599,PLT-02,33
DL01038,ASN500045,P1361,2026-04-03,62,B00600,PLT-01,29
DL01039,ASN500037,P1362,2026-04-10,167,B00601,PLT-01,64
DL01039,ASN500037,P1362,2026-04-10,167,B00602,PLT-01,48
DL01039,ASN500037,P1362,2026-04-10,167,B00603,PLT-02,55
DL01040,ASN500139,P1362,2026-01-20,133,B00603,PLT-02,32
DL01044,ASN500069,P1363,2026-01-07,50,B00604,PLT-03,6
DL01044,ASN500069,P1363,2026-01-07,50,B00605,PLT-01,3
DL01044,ASN500069,P1363,2026-01-07,50,B00606,PLT-02,13
DL01044,ASN500069,P1363,2026-01-07,50,B00606,PLT-03,28
DL01045,ASN500068,P1364,2026-01-11,22,B00607,PLT-01,22
DL01046,ASN500050,P1364,2026-01-12,135,B00607,PLT-01,95
DL01046,ASN500050,P1364,2026-01-12,135,B00608,PLT-01,40
DL01047,ASN500104,P1364,2026-02-21,147,B00608,PLT-01,31
DL01047,ASN500104,P1364,2026-02-21,147,B00608,PLT-03,40
DL01047,ASN500104,P1364,2026-02-21,147,B00609,PLT-02,76
DL01048,ASN500002,P1365,2026-04-04,88,B00610,PLT-02,88
DL01049,ASN500010,P1365,2026-03-05,172,B00610,PLT-02,82
DL01049,ASN500010,P1365,2026-03-05,172,B00611,PLT-01,90
DL01050,ASN500139,P1365,2026-03-17,77,B00611,PLT-01,77
DL01051,ASN500105,P1366,2026-02-26,73,B00612,PLT-02,73
DL01052,ASN500108,P1366,2026-03-16,86,B00612,PLT-02,57
DL01052,ASN500108,P1366,2026-03-16,86,B00613,PLT-02,29
DL01053,ASN500107,P1366,2026-01-25,103,B00613,PLT-02,12
DL01053,ASN500107,P1366,2026-01-25,103,B00613,PLT-03,29
DL01053,ASN500107,P1366,2026-01-25,103,B00614,PLT-01,57
DL01053,ASN500107,P1366,2026-01-25,103,B00614,PLT-03,5
DL01054,ASN500098,P1367,2026-04-18,109,B00615,PLT-01,109
DL01055,ASN500036,P1367,2026-01-06,167,B00615,PLT-01,167
DL01056,ASN500061,P1367,2026-03-11,160,B00615,PLT-01,30
DL01056,ASN500061,P1367,2026-03-11,160,B00615,PLT-03,130
DL01057,ASN500065,P1367,2026-04-09,161,B00615,PLT-03,161
DL01058,ASN500061,P1368,2026-03-31,55,B00616,PLT-02,55
DL01059,ASN500029,P1368,2026-04-23,27,B00616,PLT-02,27
DL01060,ASN500008,P1368,2026-02-26,17,B00616,PLT-02,17
DL01061,ASN500083,P1368,2026-03-29,180,B00616,PLT-02,15
DL01061,ASN500083,P1368,2026-03-29,180,B00617,PLT-01,165
DL01062,ASN500080,P1369,2026-03-20,121,B00618,PLT-03,121
DL01063,ASN500000,P1369,2026-04-11,126,B00618,PLT-03,126
DL01064,ASN500120,P1369,2026-02-18,135,B00618,PLT-03,135
DL01065,ASN500139,P1369,2026-02-05,102,B00618,PLT-03,102
DL01066,ASN500090,P1370,2026-02-25,21,B00619,PLT-03,21
DL01067,ASN500134,P1370,2026-03-25,73,B00619,PLT-03,68
DL01070,ASN500067,P1371,2026-05-02,72,B00620,PLT-02,72
DL01071,ASN500121,P1371,2026-03-13,94,B00620,PLT-02,94
DL01072,ASN500122,P1371,2026-02-03,151,B00620,PLT-02,18
DL01072,ASN500122,P1371,2026-02-03,151,B00620,PLT-03,133
DL01073,ASN500036,P1371,2026-05-04,21,B00620,PLT-03,21
DL01074,ASN500135,P1371,2026-03-14,98,B00620,PLT-03,98
DL01075,ASN500135,P1372,2026-04-20,48,B00621,PLT-01,21
DL01075,ASN500135,P1372,2026-04-20,48,B00621,PLT-02,22
DL01077,ASN500039,P1373,2026-03-05,174,B00622,PLT-01,96
DL01077,ASN500039,P1373,2026-03-05,174,B00623,PLT-01,78
DL01078,ASN500045,P1373,2026-04-21,168,B00623,PLT-01,162
DL01078,ASN500045,P1373,2026-04-21,168,B00623,PLT-03,6
DL01079,ASN500082,P1374,2026-02-21,102,B00624,PLT-01,45
DL01079,ASN500082,P1374,2026-02-21,102,B00625,PLT-03,57
DL01080,ASN500031,P1375,2026-01-25,109,B00626,PLT-02,10
DL01080,ASN500031,P1375,2026-01-25,109,B00626,PLT-03,24
DL01080,ASN500031,P1375,2026-01-25,109,B00627,PLT-03,75
DL01081,ASN500064,P1375,2026-01-19,101,B00627,PLT-03,23
DL01081,ASN500064,P1375,2026-01-19,101,B00628,PLT-03,78
DL01082,ASN500093,P1375,2026-03-31,96,B00628,PLT-03,96
DL01083,ASN500133,P1375,2026-02-13,138,B00628,PLT-03,138
DL01084,ASN500022,P1376,2026-02-25,75,B00629,PLT-02,75
DL01085,ASN500074,P1376,2026-04-04,119,B00629,PLT-02,119
DL01086,ASN500028,P1376,2026-03-28,120,B00629,PLT-02,120
DL01087,ASN500122,P1376,2026-04-13,49,B00629,PLT-02,49
DL01088,ASN500038,P1377,2026-04-03,6,B00630,PLT-03,6
DL01089,ASN500033,P1377,2026-03-09,98,B00630,PLT-03,98
DL01090,ASN500133,P1377,2026-02-05,174,B00630,PLT-03,117
DL01090,ASN500133,P1377,2026-02-05,174,B00631,PLT-02,57
DL01091,ASN500094,P1377,2026-02-18,138,B00631,PLT-02,138
DL01092,ASN500097,P1377,2026-01-08,69,B00631,PLT-02,69
DL01093,ASN500051,P1378,2026-03-20,5,B00632,PLT-01,5
DL01094,ASN500066,P1378,2026-03-22,19,B00632,PLT-01,10
DL01094,ASN500066,P1378,2026-03-22,19,B00633,PLT-02,9
DL01095,ASN500045,P1378,2026-04-07,83,B00633,PLT-02,11
DL01095,ASN500045,P1378,2026-04-07,83,B00634,PLT-02,63
DL01098,ASN500112,P1379,2026-03-14,28,B00635,PLT-01,25
DL01098,ASN500112,P1379,2026-03-14,28,B00636,PLT-03,3
DL01099,ASN500126,P1379,2026-01-31,27,B00636,PLT-03,3
DL01099,ASN500126,P1379,2026-01-31,27,B00637,PLT-01,24
DL01100,ASN500032,P1379,2026-04-17,113,B00637,PLT-01,44
DL01101,ASN500095,P1380,2026-04-07,16,B00638,PLT-02,16
DL01102,ASN500113,P1380,2026-02-21,101,B00638,PLT-02,84
DL01102,ASN500113,P1380,2026-02-21,101,B00639,PLT-03,17
DL01103,ASN500010,P1380,2026-02-27,80,B00639,PLT-03,24
DL01103,ASN500010,P1380,2026-02-27,80,B00640,PLT-01,56
DL01104,ASN500065,P1381,2026-02-05,95,B00641,PLT-01,95
DL01105,ASN500098,P1381,2026-01-22,153,B00641,PLT-01,153
DL01106,ASN500049,P1381,2026-02-22,153,B00641,PLT-01,153
DL01107,ASN500016,P1381,2026-02-01,175,B00641,PLT-01,175
DL01111,ASN500027,P1383,2026-03-19,156,B00642,PLT-02,156
DL01112,ASN500118,P1384,2026-02-28,116,B00643,PLT-02,116
DL01113,ASN500121,P1384,2026-04-29,50,B00643,PLT-02,50
DL01114,ASN500016,P1384,2026-02-25,117,B00643,PLT-02,43
DL01116,ASN500059,P1385,2026-02-26,56,B00644,PLT-03,14
DL01116,ASN500059,P1385,2026-02-26,56,B00645,PLT-02,19
DL01116,ASN500059,P1385,2026-02-26,56,B00646,PLT-03,23
DL01117,ASN500010,P1386,2026-02-12,179,B00647,PLT-02,25
DL01117,ASN500010,P1386,2026-02-12,179,B00647,PLT-03,154
DL01118,ASN500084,P1386,2026-04-14,104,B00647,PLT-03,25
DL01118,ASN500084,P1386,2026-04-14,104,B00648,PLT-01,79
DL01119,ASN500117,P1386,2026-01-17,35,B00648,PLT-01,35
DL01120,ASN500056,P1386,2026-03-20,24,B00648,PLT-01,24
DL01121,ASN500003,P1386,2026-03-10,31,B00648,PLT-01,31
DL01123,ASN500051,P1388,2026-03-08,90,B00649,PLT-02,90
DL01124,ASN500106,P1389,2026-01-23,154,B00650,PLT-02,5
DL01124,ASN500106,P1389,2026-01-23,154,B00651,PLT-02,4
DL01124,ASN500106,P1389,2026-01-23,154,B00652,PLT-02,40
DL01125,ASN500012,P1390,2026-01-24,165,B00653,PLT-03,37
DL01125,ASN500012,P1390,2026-01-24,165,B00654,PLT-03,101
DL01132,ASN500107,P1392,2026-01-12,179,B00655,PLT-02,7
DL01132,ASN500107,P1392,2026-01-12,179,B00656,PLT-01,100
DL01132,ASN500107,P1392,2026-01-12,179,B00656,PLT-02,14
DL01132,ASN500107,P1392,2026-01-12,179,B00657,PLT-01,58
DL01133,ASN500078,P1392,2026-02-06,82,B00657,PLT-01,82
DL01134,ASN500097,P1392,2026-04-25,116,B00657,PLT-01,36
DL01134,ASN500097,P1392,2026-04-25,116,B00657,PLT-02,80
DL01135,ASN500138,P1392,2026-02-14,70,B00657,PLT-02,70
DL01136,ASN500051,P1392,2026-01-12,38,B00657,PLT-02,38
DL01139,ASN500036,P1394,2026-05-05,98,B00658,PLT-01,18
DL01139,ASN500036,P1394,2026-05-05,98,B00659,PLT-02,9
DL01139,ASN500036,P1394,2026-05-05,98,B00660,PLT-01,40
DL01139,ASN500036,P1394,2026-05-05,98,B00660,PLT-02,31
DL01140,ASN500087,P1394,2026-03-05,56,B00660,PLT-02,17
DL01144,ASN500112,P1395,2026-01-31,79,B00661,PLT-02,29
DL01144,ASN500112,P1395,2026-01-31,79,B00661,PLT-03,4
DL01144,ASN500112,P1395,2026-01-31,79,B00662,PLT-03,46
DL01145,ASN500053,P1395,2026-03-25,156,B00662,PLT-03,51
DL01146,ASN500103,P1396,2026-02-01,118,B00663,PLT-02,11
DL01146,ASN500103,P1396,2026-02-01,118,B00664,PLT-02,88
DL01146,ASN500103,P1396,2026-02-01,118,B00665,PLT-02,19
DL01147,ASN500052,P1396,2026-01-29,19,B00665,PLT-02,19
DL01148,ASN500111,P1396,2026-01-21,168,B00665,PLT-02,168
DL01149,ASN500012,P1396,2026-04-26,40,B00665,PLT-02,40
DL01150,ASN500127,P1397,2026-01-07,51,B00666,PLT-01,47
DL01150,ASN500127,P1397,2026-01-07,51,B00666,PLT-03,4
DL01151,ASN500042,P1398,2026-02-03,132,B00667,PLT-01,132
DL01152,ASN500075,P1398,2026-03-15,59,B00667,PLT-01,59
DL01153,ASN500040,P1398,2026-04-15,42,B00667,PLT-01,42
DL01154,ASN500052,P1398,2026-01-18,137,B00667,PLT-01,137
DL01155,ASN500119,P1398,2026-01-31,29,B00667,PLT-01,29
DL01156,ASN500012,P1399,2026-02-03,111,B00668,PLT-03,16
DL01156,ASN500012,P1399,2026-02-03,111,B00669,PLT-03,9
DL01156,ASN500012,P1399,2026-02-03,111,B00670,PLT-02,86
DL01157,ASN500113,P1400,2026-03-01,180,B00671,PLT-01,15
DL01157,ASN500113,P1400,2026-03-01,180,B00672,PLT-01,165
DL01158,ASN500039,P1400,2026-05-04,19,B00672,PLT-01,19
DL01159,ASN500034,P1400,2026-01-26,15,B00672,PLT-01,15
DL01160,ASN500075,P1401,2026-04-27,64,B00673,PLT-01,11
DL01160,ASN500075,P1401,2026-04-27,64,B00673,PLT-03,14
DL01160,ASN500075,P1401,2026-04-27,64,B00674,PLT-01,39
DL01161,ASN500081,P1401,2026-04-08,148,B00674,PLT-01,98
DL01161,ASN500081,P1401,2026-04-08,148,B00674,PLT-02,31
DL01164,ASN500038,P1402,2026-02-04,175,B00675,PLT-03,175
DL01165,ASN500100,P1402,2026-02-16,13,B00675,PLT-03,13
DL01166,ASN500039,P1403,2026-02-12,169,B00676,PLT-02,39
DL01166,ASN500039,P1403,2026-02-12,169,B00677,PLT-02,130
DL01167,ASN500057,P1403,2026-03-16,172,B00677,PLT-02,66
DL01167,ASN500057,P1403,2026-03-16,172,B00677,PLT-03,25
DL01167,ASN500057,P1403,2026-03-16,172,B00678,PLT-02,81
DL01168,ASN500023,P1403,2026-03-06,55,B00678,PLT-02,42
DL01168,ASN500023,P1403,2026-03-06,55,B00678,PLT-03,13
DL01169,ASN500038,P1403,2026-03-02,52,B00678,PLT-03,52
DL01170,ASN500102,P1404,2026-01-10,34,B00679,PLT-02,6
DL01170,ASN500102,P1404,2026-01-10,34,B00680,PLT-01,28
DL01171,ASN500090,P1404,2026-03-31,36,B00680,PLT-01,36
DL01172,ASN500053,P1404,2026-05-06,172,B00680,PLT-01,172
DL01183,ASN500038,P1407,2026-02-13,173,B00681,PLT-03,8
DL01183,ASN500038,P1407,2026-02-13,173,B00682,PLT-01,25
DL01183,ASN500038,P1407,2026-02-13,173,B00682,PLT-02,5
DL01183,ASN500038,P1407,2026-02-13,173,B00683,PLT-01,44
DL01185,ASN500115,P1408,2026-02-06,128,B00684,PLT-01,128
DL01186,ASN500084,P1408,2026-01-28,98,B00684,PLT-01,37
DL01186,ASN500084,P1408,2026-01-28,98,B00685,PLT-03,41
DL01186,ASN500084,P1408,2026-01-28,98,B00686,PLT-02,20
DL01187,ASN500028,P1408,2026-04-19,81,B00686,PLT-02,79
DL01187,ASN500028,P1408,2026-04-19,81,B00686,PLT-03,2
DL01188,ASN500116,P1409,2026-04-11,29,B00687,PLT-03,10
DL01188,ASN500116,P1409,2026-04-11,29,B00688,PLT-01,19
DL01189,ASN500028,P1410,2026-03-23,46,B00689,PLT-02,46
DL01190,ASN500100,P1410,2026-01-10,123,B00689,PLT-02,115
DL01190,ASN500100,P1410,2026-01-10,123,B00689,PLT-03,8
DL01191,ASN500008,P1410,2026-03-12,15,B00689,PLT-03,15
DL01192,ASN500024,P1410,2026-03-29,110,B00689,PLT-03,110
DL01193,ASN500033,P1410,2026-03-20,111,B00689,PLT-03,111
DL01194,ASN500019,P1411,2026-04-09,100,B00690,PLT-03,17
DL01194,ASN500019,P1411,2026-04-09,100,B00691,PLT-03,22
DL01194,ASN500019,P1411,2026-04-09,100,B00692,PLT-01,61
DL01195,ASN500041,P1411,2026-01-27,97,B00692,PLT-01,4
DL01195,ASN500041,P1411,2026-01-27,97,B00692,PLT-02,93
DL01196,ASN500023,P1411,2026-01-06,89,B00692,PLT-02,89
DL01197,ASN500077,P1412,2026-02-08,43,B00693,PLT-02,4
DL01197,ASN500077,P1412,2026-02-08,43,B00693,PLT-03,39
DL01198,ASN500024,P1412,2026-04-28,32,B00693,PLT-03,32
DL01199,ASN500061,P1412,2026-01-25,34,B00693,PLT-03,10
DL01199,ASN500061,P1412,2026-01-25,34,B00694,PLT-02,24
DL01200,ASN500127,P1412,2026-03-15,74,B00694,PLT-02,9
DL01200,ASN500127,P1412,2026-03-15,74,B00695,PLT-01,65
DL01201,ASN500030,P1413,2026-03-06,88,B00696,PLT-03,88
DL01202,ASN500062,P1413,2026-03-19,46,B00696,PLT-03,46
DL01203,ASN500137,P1413,2026-03-11,15,B00696,PLT-03,15
DL01204,ASN500065,P1413,2026-01-31,98,B00696,PLT-03,98
DL01205,ASN500072,P1413,2026-03-18,108,B00696,PLT-03,108
DL01206,ASN500032,P1414,2026-04-09,66,B00697,PLT-02,34
DL01206,ASN500032,P1414,2026-04-09,66,B00698,PLT-01,32
DL01207,ASN500136,P1414,2026-02-05,133,B00698,PLT-01,133
DL01210,ASN500022,P1417,2026-01-25,48,B00699,PLT-01,1
DL01210,ASN500022,P1417,2026-01-25,48,B00700,PLT-02,9
DL01210,ASN500022,P1417,2026-01-25,48,B00701,PLT-03,20
DL01212,ASN500132,P1418,2026-02-12,33,B00702,PLT-01,33
DL01213,ASN500030,P1418,2026-03-31,26,B00702,PLT-01,26
DL01214,ASN500055,P1418,2026-02-06,64,B00702,PLT-01,4
DL01214,ASN500055,P1418,2026-02-06,64,B00702,PLT-03,27
DL01214,ASN500055,P1418,2026-02-06,64,B00703,PLT-02,33
DL01215,ASN500131,P1418,2026-04-21,20,B00703,PLT-02,20
