demand_line_id,asn,part_number,quantity_needed,delivery_date
DL00792,ASN500045,P1281,149,2026-04-23
DL00149,ASN500011,P1051,72,2026-04-11
DL00259,ASN500133,P1088,153,2026-04-04
DL01167,ASN500057,P1403,172,2026-03-16
DL00861,ASN500045,P1304,47,2026-02-23
DL01120,ASN500056,P1386,24,2026-03-20
DL00607,ASN500095,P1214,152,2026-03-23
DL00437,ASN500041,P1153,87,2026-03-06
DL01030,ASN500101,P1357,90,2026-04-30
DL01034,ASN500026,P1360,10,2026-01-12
DL00784,ASN500118,P1278,68,2026-04-24
DL00508,ASN500000,P1176,87,2026-02-08
DL00002,ASN500000,P1000,90,2026-02-23
DL00426,ASN500136,P1149,47,2026-03-25
DL00757,ASN500008,P1268,76,2026-04-01
DL01115,ASN500125,P1384,39,2026-03-12
DL00321,ASN500010,P1110,22,2026-04-10
DL00652,ASN500131,P1230,73,2026-01-16
DL00409,ASN500119,P1143,80,2026-04-13
DL00261,ASN500095,P1090,72,2026-02-23
DL00144,ASN500105,P1047,68,2026-04-19
DL00732,ASN500060,P1259,95,2026-02-10
DL00430,ASN500112,P1150,176,2026-04-28
DL00337,ASN500025,P1115,93,2026-03-07
DL00734,ASN500025,P1260,154,2026-01-14
DL00778,ASN500057,P1276,78,2026-01-22
DL00087,ASN500105,P1025,103,2026-02-27
DL00819,ASN500036,P1290,155,2026-03-19
DL00189,ASN500087,P1064,41,2026-01-11
DL00308,ASN500051,P1104,45,2026-04-11
DL00518,ASN500002,P1180,103,2026-03-05
DL00871,ASN500107,P1306,99,2026-03-08
DL00980,ASN500084,P1339,45,2026-01-17
DL00982,ASN500036,P1339,140,2026-04-14
DL01107,ASN500016,P1381,175,2026-02-01
DL00509,ASN500108,P1177,45,2026-03-22
DL00789,ASN500041,P1280,115,2026-01-31
DL00868,ASN500020,P1306,20,2026-04-08
DL01067,ASN500134,P1370,73,2026-03-25
DL00311,ASN500097,P1105,166,2026-05-03
DL00452,ASN500085,P1157,133,2026-02-09
DL00887,ASN500020,P1311,109,2026-04-02
DL00300,ASN500115,P1101,49,2026-02-03
DL00254,ASN500050,P1086,51,2026-02-26
DL00251,ASN500122,P1085,58,2026-03-22
DL00833,ASN500027,P1295,170,2026-03-09
DL00297,ASN500012,P1100,127,2026-04-07
DL00237,ASN500110,P1080,98,2026-01-17
DL00184,ASN500049,P1063,24,2026-02-22
DL00793,ASN500127,P1282,138,2026-02-07
DL00334,ASN500128,P1114,126,2026-04-24
DL00027,ASN500121,P1006,69,2026-04-19
DL00744,ASN500062,P1265,178,2026-02-24
DL00264,ASN500020,P1090,118,2026-02-04
DL01131,ASN500076,P1391,147,2026-02-25
DL00781,ASN500033,P1277,75,2026-01-28
DL00611,ASN500082,P1215,102,2026-03-20
DL00012,ASN500126,P1003,43,2026-02-11
DL00256,ASN500096,P1087,48,2026-04-17
DL01146,ASN500103,P1396,118,2026-02-01
DL00153,ASN500119,P1053,103,2026-04-17
DL01177,ASN500077,P1405,158,2026-03-21
DL01183,ASN500038,P1407,173,2026-02-13
DL00076,ASN500103,P1021,172,2026-02-05
DL00912,ASN500047,P1319,43,2026-03-17
DL00558,ASN500031,P1196,100,2026-03-08
DL01083,ASN500133,P1375,138,2026-02-13
DL00064,ASN500073,P1018,167,2026-05-05
DL01032,ASN500009,P1359,39,2026-03-11
DL00269,ASN500074,P1092,162,2026-03-27
DL00240,ASN500033,P1081,26,2026-05-04
DL00447,ASN500093,P1156,92,2026-03-07
DL00774,ASN500059,P1275,87,2026-01-30
DL00984,ASN500092,P1339,113,2026-02-19
DL00779,ASN500072,P1277,96,2026-02-26
DL00977,ASN500003,P1338,11,2026-05-04
DL00493,ASN500042,P1172,129,2026-03-24
DL00740,ASN500040,P1263,155,2026-04-25
DL01188,ASN500116,P1409,29,2026-04-11
DL00257,ASN500029,P1088,140,2026-01-12
DL00890,ASN500131,P1312,31,2026-03-05
DL00263,ASN500092,P1090,89,2026-04-13
DL00204,ASN500103,P1069,57,2026-05-06
DL01062,ASN500080,P1369,121,2026-03-20
DL00578,ASN500029,P1205,44,2026-03-12
DL00159,ASN500092,P1054,157,2026-01-16
DL00945,ASN500082,P1328,128,2026-03-11
DL01003,ASN500054,P1347,87,2026-04-17
DL00265,ASN500012,P1091,80,2026-04-20
DL00690,ASN500096,P1246,153,2026-02-04
DL01213,ASN500030,P1418,26,2026-03-31
DL00727,ASN500025,P1258,24,2026-01-27
DL00379,ASN500107,P1133,63,2026-04-01
DL00714,ASN500048,P1254,110,2026-01-29
DL00217,ASN500011,P1073,128,2026-02-15
DL01164,ASN500038,P1402,175,2026-02-04
DL01116,ASN500059,P1385,56,2026-02-26
DL00401,ASN500107,P1140,112,2026-03-27
DL00102,ASN500000,P1030,37,2026-02-04
DL00750,ASN500092,P1267,34,2026-02-17
DL00672,ASN500090,P1239,32,2026-03-13
DL00376,ASN500065,P1132,159,2026-04-10
DL00898,ASN500034,P1313,114,2026-05-02
DL00947,ASN500060,P1328,94,2026-01-25
DL00163,ASN500123,P1055,146,2026-03-16
DL00075,ASN500065,P1021,172,2026-02-08
DL00431,ASN500029,P1150,147,2026-01-21
DL00318,ASN500028,P1108,32,2026-03-26
DL00662,ASN500079,P1234,12,2026-02-06
DL00863,ASN500089,P1305,150,2026-01-31
DL00459,ASN500012,P1159,107,2026-02-13
DL00505,ASN500063,P1175,101,2026-02-24
DL01064,ASN500120,P1369,135,2026-02-18
DL00642,ASN500057,P1227,40,2026-02-28
DL00644,ASN500010,P1228,13,2026-04-26
DL00817,ASN500113,P1290,39,2026-05-05
DL01135,ASN500138,P1392,70,2026-02-14
DL00736,ASN500098,P1261,10,2026-01-12
DL00824,ASN500003,P1292,97,2026-03-09
DL00420,ASN500088,P1146,167,2026-03-21
DL00575,ASN500075,P1203,90,2026-04-18
DL00996,ASN500015,P1344,144,2026-03-11
DL00177,ASN500134,P1061,64,2026-03-30
DL01027,ASN500043,P1357,123,2026-04-03
DL00787,ASN500056,P1280,178,2026-01-11
DL00954,ASN500020,P1331,154,2026-01-28
DL00958,ASN500044,P1332,75,2026-04-30
DL01098,ASN500112,P1379,28,2026-03-14
DL00470,ASN500066,P1162,82,2026-01-29
DL00239,ASN500010,P1081,15,2026-03-28
DL00042,ASN500021,P1012,126,2026-01-08
DL00151,ASN500000,P1051,157,2026-05-03
DL00348,ASN500026,P1122,165,2026-02-16
DL00355,ASN500136,P1123,157,2026-04-12
DL01154,ASN500052,P1398,137,2026-01-18
DL00759,ASN500061,P1269,38,2026-01-17
DL00692,ASN500062,P1248,88,2026-02-01
DL01189,ASN500028,P1410,46,2026-03-23
DL00474,ASN500133,P1163,15,2026-04-21
DL00306,ASN500021,P1103,134,2026-01-07
DL00624,ASN500126,P1220,154,2026-03-11
DL00528,ASN500132,P1183,43,2026-02-06
DL00566,ASN500098,P1199,10,2026-03-27
DL00988,ASN500008,P1340,170,2026-02-14
DL00670,ASN500089,P1237,117,2026-03-31
DL00193,ASN500047,P1065,163,2026-02-14
DL01205,ASN500072,P1413,108,2026-03-18
DL00233,ASN500125,P1079,124,2026-02-05
DL00439,ASN500119,P1154,100,2026-03-01
DL00601,ASN500133,P1211,109,2026-04-23
DL01203,ASN500137,P1413,15,2026-03-11
DL01047,ASN500104,P1364,147,2026-02-21
DL00554,ASN500050,P1195,178,2026-04-11
DL00557,ASN500095,P1196,70,2026-02-24
DL00567,ASN500019,P1199,120,2026-02-18
DL00552,ASN500014,P1195,30,2026-01-24
DL00326,ASN500052,P1111,57,2026-01-20
DL00589,ASN500113,P1208,5,2026-04-17
DL00200,ASN500078,P1067,111,2026-01-12
DL01155,ASN500119,P1398,29,2026-01-31
DL00718,ASN500000,P1255,83,2026-04-06
DL00368,ASN500050,P1128,103,2026-01-25
DL00150,ASN500081,P1051,75,2026-02-13
DL00234,ASN500117,P1080,50,2026-04-19
DL01191,ASN500008,P1410,15,2026-03-12
DL00331,ASN500066,P1114,10,2026-02-19
DL00283,ASN500102,P1096,72,2026-01-07
DL00563,ASN500056,P1198,24,2026-05-05
DL00970,ASN500007,P1336,59,2026-02-16
DL00654,ASN500031,P1231,135,2026-01-22
DL01212,ASN500132,P1418,33,2026-02-12
DL00591,ASN500092,P1208,116,2026-01-11
DL00021,ASN500012,P1005,165,2026-01-08
DL00499,ASN500115,P1174,74,2026-04-16
DL00507,ASN500115,P1176,77,2026-04-04
DL00005,ASN500001,P1001,28,2026-02-08
DL00059,ASN500064,P1017,100,2026-01-14
DL00206,ASN500040,P1069,113,2026-01-20
DL00316,ASN500019,P1107,149,2026-05-02
DL00471,ASN500008,P1163,86,2026-01-08
DL00095,ASN500005,P1027,37,2026-01-10
DL00976,ASN500065,P1338,123,2026-04-27
DL00446,ASN500032,P1156,91,2026-01-18
DL00325,ASN500098,P1111,32,2026-02-06
DL00342,ASN500125,P1120,52,2026-03-10
DL00094,ASN500114,P1027,115,2026-02-14
DL00486,ASN500047,P1170,17,2026-02-21
DL00666,ASN500041,P1235,66,2026-02-16
DL00904,ASN500125,P1316,16,2026-04-20
DL01130,ASN500065,P1391,174,2026-04-25
DL01018,ASN500063,P1353,46,2026-02-15
DL00540,ASN500046,P1189,101,2026-01-16
DL01161,ASN500081,P1401,148,2026-04-08
DL00319,ASN500088,P1109,41,2026-04-05
DL00009,ASN500021,P1002,154,2026-03-14
DL01199,ASN500061,P1412,34,2026-01-25
DL00673,ASN500057,P1239,178,2026-04-10
DL01029,ASN500086,P1357,169,2026-05-03
DL00925,ASN500011,P1322,59,2026-01-27
DL00427,ASN500023,P1150,176,2026-05-01
DL01185,ASN500115,P1408,128,2026-02-06
DL00705,ASN500124,P1251,107,2026-03-03
DL00455,ASN500049,P1158,86,2026-04-07
DL00966,ASN500020,P1335,23,2026-04-19
DL01162,ASN500039,P1401,84,2026-05-02
DL01127,ASN500132,P1390,6,2026-01-29
DL00066,ASN500130,P1019,85,2026-01-30
DL00255,ASN500071,P1087,178,2026-02-16
DL01136,ASN500051,P1392,38,2026-01-12
DL00916,ASN500003,P1320,11,2026-02-18
DL00571,ASN500115,P1201,146,2026-04-29
DL00018,ASN500058,P1004,26,2026-01-09
DL01015,ASN500068,P1352,39,2026-04-21
DL00365,ASN500133,P1126,94,2026-01-26
DL00957,ASN500017,P1332,129,2026-02-15
DL00932,ASN500011,P1324,166,2026-01-24
DL01042,ASN500127,P1362,24,2026-02-19
DL00760,ASN500050,P1269,74,2026-03-16
DL01208,ASN500003,P1415,32,2026-05-06
DL00162,ASN500016,P1055,171,2026-01-10
DL00417,ASN500092,P1145,44,2026-05-04
DL00724,ASN500050,P1257,110,2026-03-24
DL00020,ASN500092,P1004,31,2026-02-23
DL00923,ASN500084,P1322,140,2026-02-02
DL00896,ASN500003,P1313,157,2026-02-02
DL00390,ASN500139,P1137,60,2026-01-26
DL00118,ASN500126,P1035,13,2026-04-05
DL00120,ASN500101,P1036,55,2026-01-06
DL00881,ASN500028,P1309,61,2026-04-26
DL00260,ASN500064,P1089,142,2026-03-27
DL00671,ASN500132,P1238,104,2026-04-22
DL00291,ASN500014,P1098,31,2026-01-07
DL00351,ASN500006,P1122,100,2026-02-01
DL00441,ASN500046,P1154,168,2026-02-21
DL00222,ASN500055,P1075,15,2026-02-26
DL00993,ASN500092,P1342,43,2026-03-27
DL00044,ASN500129,P1012,120,2026-02-09
DL00425,ASN500053,P1149,108,2026-04-17
DL00062,ASN500070,P1018,17,2026-02-10
DL00463,ASN500096,P1160,162,2026-01-24
DL00293,ASN500132,P1099,160,2026-03-29
DL00111,ASN500117,P1032,76,2026-02-15
DL00284,ASN500014,P1096,170,2026-04-21
DL00669,ASN500005,P1236,45,2026-03-17
DL00655,ASN500075,P1231,109,2026-03-20
DL01076,ASN500093,P1372,66,2026-04-02
DL00527,ASN500091,P1183,108,2026-04-15
DL01165,ASN500100,P1402,13,2026-02-16
DL01143,ASN500082,P1394,14,2026-02-10
DL00223,ASN500132,P1075,45,2026-02-24
DL00157,ASN500038,P1054,160,2026-02-05
DL01112,ASN500118,P1384,116,2026-02-28
DL00565,ASN500114,P1199,29,2026-05-04
DL00895,ASN500012,P1313,100,2026-01-11
DL00942,ASN500130,P1327,167,2026-02-06
DL00782,ASN500007,P1277,98,2026-04-02
DL01066,ASN500090,P1370,21,2026-02-25
DL00675,ASN500090,P1239,40,2026-04-02
DL01040,ASN500139,P1362,133,2026-01-20
DL00899,ASN500051,P1314,149,2026-01-20
DL00241,ASN500080,P1081,135,2026-01-16
DL01092,ASN500097,P1377,69,2026-01-08
DL00568,ASN500082,P1199,64,2026-03-08
DL00748,ASN500091,P1266,102,2026-01-29
DL01109,ASN500114,P1382,102,2026-02-25
DL00889,ASN500129,P1312,34,2026-03-27
DL00857,ASN500130,P1302,113,2026-01-24
DL01139,ASN500036,P1394,98,2026-05-05
DL00226,ASN500009,P1076,175,2026-04-23
DL00953,ASN500087,P1330,23,2026-05-03
DL00477,ASN500099,P1165,157,2026-03-22
DL00547,ASN500094,P1193,65,2026-04-08
DL00836,ASN500023,P1296,169,2026-02-11
DL00762,ASN500061,P1270,45,2026-02-22
DL00963,ASN500072,P1334,133,2026-03-29
DL00208,ASN500117,P1070,46,2026-01-22
DL00048,ASN500033,P1013,159,2026-04-20
DL00252,ASN500067,P1085,162,2026-03-11
DL01217,ASN500025,P1419,15,2026-02-02
DL01128,ASN500137,P1390,75,2026-03-13
DL00060,ASN500100,P1017,104,2026-04-27
DL01192,ASN500024,P1410,110,2026-03-29
DL00851,ASN500040,P1300,81,2026-03-24
DL00294,ASN500129,P1099,170,2026-03-29
DL00837,ASN500064,P1296,172,2026-02-06
DL00145,ASN500103,P1047,15,2026-02-23
DL00911,ASN500124,P1318,33,2026-01-15
DL00539,ASN500009,P1189,91,2026-01-31
DL00194,ASN500019,P1065,57,2026-01-10
DL00051,ASN500124,P1014,105,2026-01-09
DL00026,ASN500134,P1006,21,2026-04-11
DL00814,ASN500079,P1289,40,2026-01-23
DL01209,ASN500125,P1416,151,2026-02-01
DL00876,ASN500095,P1308,147,2026-03-21
DL00124,ASN500067,P1038,80,2026-01-19
DL00309,ASN500083,P1104,54,2026-04-28
DL00403,ASN500077,P1141,107,2026-05-06
DL00113,ASN500063,P1033,12,2026-02-27
DL00100,ASN500039,P1028,43,2026-03-13
DL00535,ASN500054,P1188,71,2026-05-04
DL00511,ASN500036,P1177,151,2026-01-24
DL01036,ASN500028,P1360,35,2026-03-09
DL00956,ASN500091,P1332,114,2026-04-08
DL00685,ASN500100,P1244,139,2026-03-18
DL00619,ASN500049,P1219,71,2026-01-08
DL01078,ASN500045,P1373,168,2026-04-21
DL00268,ASN500008,P1092,61,2026-01-25
DL00416,ASN500124,P1144,114,2026-03-26
DL01145,ASN500053,P1395,156,2026-03-25
DL01059,ASN500029,P1368,27,2026-04-23
DL01186,ASN500084,P1408,98,2026-01-28
DL01181,ASN500076,P1406,13,2026-03-21
DL00071,ASN500035,P1020,169,2026-04-27
DL00421,ASN500002,P1147,58,2026-01-15
DL00278,ASN500052,P1094,98,2026-03-26
DL00187,ASN500027,P1063,168,2026-03-23
DL00182,ASN500075,P1062,64,2026-01-21
DL01126,ASN500082,P1390,90,2026-01-30
DL00845,ASN500091,P1298,86,2026-02-04
DL00383,ASN500025,P1134,112,2026-02-06
DL00536,ASN500071,P1188,114,2026-01-18
DL01096,ASN500139,P1378,75,2026-05-03
DL01082,ASN500093,P1375,96,2026-03-31
DL00737,ASN500056,P1261,106,2026-03-21
DL01134,ASN500097,P1392,116,2026-04-25
DL00292,ASN500050,P1098,41,2026-02-27
DL00341,ASN500001,P1119,94,2026-03-09
DL00865,ASN500082,P1305,137,2026-03-05
DL00703,ASN500095,P1251,133,2026-02-26
DL01158,ASN500039,P1400,19,2026-05-04
DL01043,ASN500055,P1362,62,2026-04-09
DL00595,ASN500058,P1209,49,2026-01-31
DL00708,ASN500019,P1253,84,2026-03-12
DL01104,ASN500065,P1381,95,2026-02-05
DL00093,ASN500063,P1027,103,2026-02-26
DL00846,ASN500094,P1298,39,2026-03-17
DL00160,ASN500050,P1055,105,2026-04-12
DL00981,ASN500004,P1339,44,2026-02-01
DL00755,ASN500048,P1268,124,2026-02-11
DL00531,ASN500039,P1186,85,2026-03-23
DL00433,ASN500035,P1151,126,2026-03-10
DL00870,ASN500076,P1306,149,2026-03-20
DL00098,ASN500135,P1028,124,2026-03-04
DL00608,ASN500001,P1214,96,2026-03-13
DL00585,ASN500041,P1207,19,2026-04-22
DL00810,ASN500041,P1287,168,2026-02-05
DL00172,ASN500066,P1059,55,2026-03-03
DL00344,ASN500040,P1121,77,2026-04-20
DL00697,ASN500111,P1249,137,2026-04-21
DL01150,ASN500127,P1397,51,2026-01-07
DL01020,ASN500013,P1354,58,2026-04-24
DL00766,ASN500033,P1272,71,2026-03-23
DL00733,ASN500008,P1260,73,2026-03-27
DL00016,ASN500129,P1004,150,2026-04-22
DL00106,ASN500111,P1031,33,2026-01-18
DL00166,ASN500053,P1057,29,2026-02-28
DL00464,ASN500021,P1160,59,2026-01-11
DL00788,ASN500103,P1280,15,2026-03-24
DL00501,ASN500015,P1174,164,2026-03-30
DL00907,ASN500008,P1317,177,2026-02-06
DL00969,ASN500003,P1336,168,2026-02-16
DL00405,ASN500118,P1142,59,2026-01-27
DL00357,ASN500083,P1123,138,2026-01-25
DL00637,ASN500090,P1224,68,2026-04-27
DL00728,ASN500125,P1259,124,2026-03-25
DL00656,ASN500073,P1231,75,2026-02-06
DL00131,ASN500115,P1040,85,2026-04-09
DL00052,ASN500040,P1014,5,2026-03-09
DL01102,ASN500113,P1380,101,2026-02-21
DL00231,ASN500094,P1078,119,2026-03-11
DL00641,ASN500051,P1226,134,2026-04-01
DL00353,ASN500128,P1123,48,2026-02-23
DL00900,ASN500043,P1315,98,2026-04-11
DL00926,ASN500092,P1322,124,2026-02-17
DL00253,ASN500060,P1085,86,2026-02-22
DL00370,ASN500070,P1129,55,2026-01-19
DL00058,ASN500050,P1016,8,2026-05-01
DL00971,ASN500083,P1336,11,2026-03-30
DL00396,ASN500105,P1138,121,2026-02-01
DL00767,ASN500112,P1272,155,2026-02-22
DL00186,ASN500066,P1063,175,2026-01-06
DL00038,ASN500055,P1010,177,2026-03-09
DL00668,ASN500072,P1235,60,2026-02-12
DL00775,ASN500027,P1275,22,2026-03-18
DL00635,ASN500082,P1223,107,2026-04-24
DL00374,ASN500056,P1131,133,2026-03-27
DL00921,ASN500114,P1321,105,2026-02-04
DL00604,ASN500104,P1213,127,2026-01-23
DL00972,ASN500103,P1337,161,2026-04-02
DL00411,ASN500058,P1143,73,2026-04-06
DL01046,ASN500050,P1364,135,2026-01-12
DL00852,ASN500020,P1300,41,2026-04-04
DL00307,ASN500043,P1103,71,2026-05-01
DL00036,ASN500003,P1009,128,2026-01-13
DL00764,ASN500053,P1271,81,2026-03-07
DL00647,ASN500025,P1229,69,2026-01-21
DL00537,ASN500114,P1188,156,2026-04-20
DL00380,ASN500058,P1134,178,2026-01-29
DL00330,ASN500075,P1113,86,2026-02-18
DL00495,ASN500112,P1172,125,2026-04-02
DL00538,ASN500033,P1189,70,2026-04-23
DL00133,ASN500047,P1042,172,2026-05-05
DL01142,ASN500136,P1394,22,2026-02-27
DL00882,ASN500064,P1309,171,2026-01-18
DL00415,ASN500077,P1144,87,2026-03-08
DL00047,ASN500134,P1013,72,2026-02-21
DL01090,ASN500133,P1377,174,2026-02-05
DL00681,ASN500106,P1243,76,2026-04-27
DL00494,ASN500015,P1172,85,2026-02-22
DL00964,ASN500025,P1334,55,2026-02-05
DL00201,ASN500079,P1067,150,2026-04-29
DL01005,ASN500016,P1348,170,2026-05-02
DL00615,ASN500062,P1218,27,2026-02-03
DL00382,ASN500080,P1134,71,2026-03-27
DL00746,ASN500102,P1265,129,2026-01-08
DL01114,ASN500016,P1384,117,2026-02-25
DL00691,ASN500084,P1247,87,2026-04-23
DL00919,ASN500046,P1321,163,2026-04-20
DL00594,ASN500046,P1209,138,2026-04-14
DL00939,ASN500072,P1326,65,2026-04-27
DL00091,ASN500032,P1026,180,2026-03-11
DL01052,ASN500108,P1366,86,2026-03-16
DL00367,ASN500026,P1127,47,2026-03-31
DL00221,ASN500050,P1075,126,2026-01-29
DL00134,ASN500134,P1042,124,2026-01-10
DL00366,ASN500083,P1127,53,2026-02-08
DL01174,ASN500125,P1405,94,2026-01-08
DL00387,ASN500104,P1135,137,2026-04-02
DL00148,ASN500086,P1050,97,2026-02-09
DL00680,ASN500127,P1242,106,2026-03-20
DL00445,ASN500054,P1156,111,2026-03-27
DL01006,ASN500089,P1349,20,2026-02-04
DL00593,ASN500046,P1209,40,2026-04-23
DL01152,ASN500075,P1398,59,2026-03-15
DL00398,ASN500091,P1139,168,2026-01-13
DL00354,ASN500059,P1123,122,2026-01-22
DL00948,ASN500052,P1329,6,2026-04-29
DL00975,ASN500085,P1337,131,2026-03-23
DL00553,ASN500081,P1195,6,2026-05-06
DL01000,ASN500089,P1346,67,2026-03-03
DL00340,ASN500134,P1118,56,2026-02-11
DL00816,ASN500060,P1289,66,2026-01-06
DL00028,ASN500019,P1006,72,2026-02-05
DL01129,ASN500022,P1391,85,2026-02-24
DL01045,ASN500068,P1364,22,2026-01-11
DL01105,ASN500098,P1381,153,2026-01-22
DL00609,ASN500114,P1214,137,2026-01-15
DL00063,ASN500026,P1018,18,2026-04-22
DL00649,ASN500010,P1230,78,2026-01-20
DL00033,ASN500050,P1007,24,2026-03-23
DL00188,ASN500089,P1063,60,2026-01-10
DL01039,ASN500037,P1362,167,2026-04-10
DL00322,ASN500011,P1110,21,2026-04-25
DL00218,ASN500099,P1074,27,2026-05-01
DL00161,ASN500040,P1055,68,2026-02-27
DL00436,ASN500042,P1152,143,2026-03-23
DL00924,ASN500079,P1322,38,2026-03-22
DL00627,ASN500058,P1221,63,2026-01-24
DL00054,ASN500106,P1015,93,2026-02-23
DL00083,ASN500049,P1023,67,2026-01-17
DL00273,ASN500011,P1093,10,2026-01-12
DL00800,ASN500022,P1284,111,2026-04-04
DL00561,ASN500003,P1197,124,2026-04-07
DL00176,ASN500064,P1061,67,2026-03-11
DL00456,ASN500076,P1158,37,2026-03-22
DL01071,ASN500121,P1371,94,2026-03-13
DL00397,ASN500047,P1138,105,2026-03-12
DL00555,ASN500076,P1195,155,2026-03-22
DL00526,ASN500092,P1183,152,2026-03-19
DL01073,ASN500036,P1371,21,2026-05-04
DL00169,ASN500060,P1058,142,2026-04-24
DL00524,ASN500048,P1182,59,2026-01-30
DL00472,ASN500110,P1163,149,2026-03-29
DL00183,ASN500012,P1062,53,2026-03-23
DL00454,ASN500126,P1158,35,2026-02-17
DL01156,ASN500012,P1399,111,2026-02-03
DL00119,ASN500107,P1036,97,2026-04-03
DL00175,ASN500048,P1060,88,2026-01-14
DL00011,ASN500099,P1003,88,2026-04-08
DL00276,ASN500136,P1094,62,2026-02-27
DL00212,ASN500094,P1071,134,2026-01-27
DL00007,ASN500010,P1001,105,2026-01-08
DL00854,ASN500102,P1301,27,2026-01-11
DL00596,ASN500020,P1209,27,2026-04-29
DL00141,ASN500121,P1046,55,2026-02-22
DL00503,ASN500003,P1175,43,2026-03-23
DL00489,ASN500065,P1171,18,2026-04-07
DL01060,ASN500008,P1368,17,2026-02-26
DL00386,ASN500005,P1135,164,2026-04-25
DL00429,ASN500054,P1150,140,2026-01-16
DL01022,ASN500112,P1354,51,2026-03-02
DL01200,ASN500127,P1412,74,2026-03-15
DL00243,ASN500006,P1083,21,2026-03-25
DL00598,ASN500035,P1210,161,2026-04-01
DL00336,ASN500111,P1115,137,2026-04-14
DL00335,ASN500007,P1115,110,2026-01-09
DL01157,ASN500113,P1400,180,2026-03-01
DL00500,ASN500085,P1174,79,2026-02-10
DL01140,ASN500087,P1394,56,2026-03-05
DL00084,ASN500044,P1023,92,2026-03-18
DL00049,ASN500071,P1014,33,2026-04-06
DL00915,ASN500137,P1320,73,2026-03-03
DL00704,ASN500039,P1251,53,2026-02-28
DL01085,ASN500074,P1376,119,2026-04-04
DL01149,ASN500012,P1396,40,2026-04-26
DL00434,ASN500014,P1151,128,2026-03-06
DL00154,ASN500064,P1053,115,2026-04-20
DL00933,ASN500036,P1324,74,2026-02-24
DL00739,ASN500063,P1263,62,2026-01-11
DL00838,ASN500020,P1296,40,2026-04-11
DL00362,ASN500129,P1125,54,2026-02-09
DL00262,ASN500094,P1090,152,2026-01-24
DL00453,ASN500088,P1158,57,2026-03-30
DL00301,ASN500026,P1101,71,2026-02-04
DL00185,ASN500131,P1063,50,2026-03-04
DL00758,ASN500006,P1268,92,2026-04-19
DL00867,ASN500039,P1305,107,2026-03-24
DL00139,ASN500053,P1045,102,2026-02-20
DL01099,ASN500126,P1379,27,2026-01-31
DL00806,ASN500052,P1286,114,2026-04-02
DL01211,ASN500067,P1417,12,2026-03-01
DL00082,ASN500115,P1023,114,2026-01-23
DL00216,ASN500077,P1073,37,2026-04-23
DL01198,ASN500024,P1412,32,2026-04-28
DL00467,ASN500046,P1160,14,2026-02-28
DL00992,ASN500002,P1341,147,2026-03-07
DL00659,ASN500051,P1233,145,2026-04-06
DL01065,ASN500139,P1369,102,2026-02-05
DL01210,ASN500022,P1417,48,2026-01-25
DL00077,ASN500077,P1021,128,2026-03-18
DL00823,ASN500103,P1291,57,2026-01-20
DL00560,ASN500036,P1197,178,2026-04-30
DL00197,ASN500039,P1066,168,2026-03-15
DL01106,ASN500049,P1381,153,2026-02-22
DL00506,ASN500096,P1175,159,2026-04-14
DL00152,ASN500006,P1052,64,2026-01-19
DL00303,ASN500013,P1102,73,2026-03-28
DL00829,ASN500092,P1294,79,2026-01-27
DL01108,ASN500018,P1382,25,2026-04-12
DL01072,ASN500122,P1371,151,2026-02-03
DL00377,ASN500103,P1132,6,2026-04-10
DL00768,ASN500136,P1272,68,2026-02-26
DL01184,ASN500012,P1407,49,2026-02-17
DL00802,ASN500056,P1284,76,2026-03-14
DL00090,ASN500071,P1026,152,2026-02-21
DL01190,ASN500100,P1410,123,2026-01-10
DL00361,ASN500118,P1124,169,2026-04-29
DL00533,ASN500005,P1188,29,2026-01-10
DL00978,ASN500081,P1338,149,2026-03-30
DL00660,ASN500093,P1233,122,2026-04-30
DL00440,ASN500107,P1154,178,2026-01-15
DL01091,ASN500094,P1377,138,2026-02-18
DL00126,ASN500124,P1039,111,2026-05-02
DL00564,ASN500095,P1199,40,2026-04-15
DL01069,ASN500139,P1370,175,2026-02-03
DL00520,ASN500090,P1181,21,2026-02-04
DL00582,ASN500093,P1206,115,2026-02-08
DL00025,ASN500137,P1006,28,2026-03-31
DL00785,ASN500102,P1278,95,2026-05-01
DL00639,ASN500093,P1225,32,2026-03-14
DL00407,ASN500049,P1142,125,2026-03-29
DL01014,ASN500040,P1352,127,2026-04-26
DL00298,ASN500137,P1100,6,2026-02-23
DL00559,ASN500097,P1196,48,2026-03-03
DL01216,ASN500018,P1419,158,2026-02-18
DL00080,ASN500128,P1022,132,2026-03-17
DL00710,ASN500075,P1253,92,2026-04-21
DL00878,ASN500061,P1308,149,2026-03-03
DL00088,ASN500134,P1025,58,2026-02-23
DL00811,ASN500139,P1287,71,2026-02-06
DL00694,ASN500012,P1248,70,2026-03-19
DL00752,ASN500103,P1267,171,2026-01-14
DL00003,ASN500021,P1000,126,2026-02-10
DL00612,ASN500015,P1215,79,2026-04-27
DL00523,ASN500122,P1181,134,2026-03-22
DL01173,ASN500134,P1405,23,2026-02-12
DL01068,ASN500082,P1370,23,2026-03-27
DL00763,ASN500055,P1271,108,2026-02-23
DL00167,ASN500114,P1058,49,2026-02-04
DL00542,ASN500094,P1189,122,2026-03-09
DL01170,ASN500102,P1404,34,2026-01-10
DL01037,ASN500034,P1360,139,2026-03-01
DL00929,ASN500085,P1323,153,2026-03-08
DL00634,ASN500111,P1223,149,2026-04-18
DL00491,ASN500003,P1171,171,2026-04-03
DL01094,ASN500066,P1378,19,2026-03-22
DL00480,ASN500120,P1166,59,2026-04-30
DL00689,ASN500037,P1246,116,2026-03-20
DL00944,ASN500103,P1327,90,2026-01-13
DL00270,ASN500110,P1092,111,2026-03-12
DL00880,ASN500058,P1308,51,2026-04-29
DL00786,ASN500046,P1279,79,2026-01-20
DL00997,ASN500046,P1345,71,2026-05-06
DL00225,ASN500049,P1076,15,2026-04-29
DL00247,ASN500089,P1084,161,2026-04-12
DL01028,ASN500101,P1357,28,2026-02-28
DL00050,ASN500093,P1014,64,2026-03-10
DL00478,ASN500039,P1165,126,2026-04-14
DL00039,ASN500132,P1011,78,2026-03-06
DL01093,ASN500051,P1378,5,2026-03-20
DL00630,ASN500107,P1222,157,2026-04-23
DL00922,ASN500132,P1322,24,2026-02-21
DL00249,ASN500070,P1085,121,2026-01-24
DL00040,ASN500119,P1011,124,2026-04-14
DL00795,ASN500089,P1283,5,2026-01-20
DL00580,ASN500054,P1205,148,2026-03-08
DL00901,ASN500087,P1315,179,2026-01-07
DL01193,ASN500033,P1410,111,2026-03-20
DL00235,ASN500121,P1080,107,2026-01-19
DL00856,ASN500095,P1302,5,2026-01-10
DL00820,ASN500061,P1290,90,2026-03-27
DL00848,ASN500010,P1299,32,2026-03-19
DL00510,ASN500010,P1177,78,2026-04-22
DL00122,ASN500126,P1037,56,2026-02-14
DL00146,ASN500118,P1048,21,2026-04-18
DL01055,ASN500036,P1367,167,2026-01-06
DL00481,ASN500003,P1167,114,2026-01-06
DL00246,ASN500056,P1084,21,2026-04-22
DL00765,ASN500129,P1271,57,2026-02-04
DL00174,ASN500039,P1060,77,2026-04-29
DL00968,ASN500048,P1336,74,2026-03-15
DL00056,ASN500000,P1016,88,2026-04-12
DL00584,ASN500074,P1207,111,2026-04-30
DL00070,ASN500115,P1020,162,2026-04-12
DL00629,ASN500004,P1222,167,2026-02-24
DL00751,ASN500136,P1267,103,2026-02-17
DL00586,ASN500075,P1207,41,2026-03-28
DL01148,ASN500111,P1396,168,2026-01-21
DL00451,ASN500090,P1157,131,2026-02-26
DL00205,ASN500001,P1069,116,2026-05-01
DL00130,ASN500015,P1040,52,2026-02-25
DL01075,ASN500135,P1372,48,2026-04-20
DL00101,ASN500117,P1029,26,2026-03-17
DL00107,ASN500018,P1031,81,2026-03-14
DL00392,ASN500025,P1137,152,2026-03-05
DL00864,ASN500120,P1305,26,2026-03-16
DL00210,ASN500036,P1070,169,2026-04-19
DL00934,ASN500069,P1324,21,2026-03-11
DL00008,ASN500076,P1001,82,2026-03-27
DL00941,ASN500077,P1326,92,2026-04-10
DL00497,ASN500041,P1173,166,2026-04-18
DL00473,ASN500013,P1163,132,2026-03-19
DL00723,ASN500136,P1257,136,2026-01-24
DL00640,ASN500017,P1226,88,2026-03-02
DL00883,ASN500135,P1310,176,2026-02-07
DL01033,ASN500059,P1360,152,2026-03-02
DL00073,ASN500032,P1020,48,2026-03-07
DL00548,ASN500056,P1193,49,2026-01-10
DL00587,ASN500004,P1207,118,2026-04-19
DL01012,ASN500108,P1351,169,2026-02-10
DL00045,ASN500053,P1013,58,2026-01-15
DL00475,ASN500107,P1164,152,2026-04-05
DL00089,ASN500086,P1026,20,2026-03-10
DL01144,ASN500112,P1395,79,2026-01-31
DL00029,ASN500052,P1006,64,2026-04-10
DL00389,ASN500125,P1136,32,2026-01-10
DL00756,ASN500088,P1268,65,2026-03-02
DL00600,ASN500002,P1211,21,2026-04-04
DL00965,ASN500014,P1334,38,2026-03-23
DL00797,ASN500012,P1283,67,2026-04-03
DL00713,ASN500130,P1254,58,2026-03-11
DL01187,ASN500028,P1408,81,2026-04-19
DL00138,ASN500089,P1044,112,2026-04-29
DL01056,ASN500061,P1367,160,2026-03-11
DL00165,ASN500018,P1056,72,2026-03-26
DL01137,ASN500137,P1393,171,2026-02-22
DL00448,ASN500053,P1157,77,2026-03-02
DL01175,ASN500127,P1405,28,2026-01-31
DL00285,ASN500089,P1096,157,2026-03-29
DL00198,ASN500023,P1066,172,2026-01-26
DL00022,ASN500136,P1005,179,2026-02-06
DL00677,ASN500121,P1240,73,2026-04-16
DL01180,ASN500058,P1406,153,2026-05-04
DL00215,ASN500027,P1072,103,2026-03-09
DL00399,ASN500070,P1140,102,2026-02-26
DL00521,ASN500101,P1181,153,2026-03-13
DL00753,ASN500031,P1267,113,2026-04-21
DL00577,ASN500081,P1204,121,2026-05-01
DL00541,ASN500007,P1189,18,2026-01-10
DL00998,ASN500093,P1345,43,2026-05-01
DL00132,ASN500020,P1041,47,2026-02-17
DL00488,ASN500127,P1171,122,2026-04-01
DL00327,ASN500008,P1111,13,2026-04-24
DL00346,ASN500042,P1121,33,2026-05-06
DL00085,ASN500081,P1024,66,2026-02-22
DL00498,ASN500122,P1174,103,2026-04-15
DL00483,ASN500022,P1168,60,2026-04-27
DL00373,ASN500102,P1131,116,2026-04-04
DL00158,ASN500083,P1054,86,2026-03-05
DL00110,ASN500002,P1032,142,2026-02-13
DL00352,ASN500077,P1122,72,2026-03-01
DL00105,ASN500064,P1031,140,2026-03-28
DL00769,ASN500130,P1272,59,2026-01-22
DL00031,ASN500122,P1007,180,2026-02-11
DL00432,ASN500107,P1151,64,2026-04-21
DL01215,ASN500131,P1418,20,2026-04-21
DL00180,ASN500059,P1062,119,2026-05-03
DL00973,ASN500086,P1337,49,2026-01-13
DL00108,ASN500049,P1032,104,2026-02-08
DL00314,ASN500111,P1106,64,2026-03-20
DL00707,ASN500043,P1252,97,2026-02-15
DL00324,ASN500136,P1111,175,2026-01-14
DL00648,ASN500003,P1230,116,2026-02-05
DL00579,ASN500014,P1205,166,2026-04-30
DL00168,ASN500034,P1058,111,2026-03-05
DL00643,ASN500116,P1228,167,2026-01-11
DL00364,ASN500063,P1126,88,2026-03-24
DL00572,ASN500112,P1202,43,2026-02-09
DL00271,ASN500093,P1092,17,2026-01-22
DL01111,ASN500027,P1383,156,2026-03-19
DL00962,ASN500114,P1334,56,2026-04-30
DL00657,ASN500139,P1232,78,2026-04-23
DL00014,ASN500131,P1003,165,2026-03-01
DL00428,ASN500076,P1150,55,2026-03-10
DL00211,ASN500022,P1071,151,2026-03-26
DL01159,ASN500034,P1400,15,2026-01-26
DL00928,ASN500090,P1323,85,2026-01-06
DL00839,ASN500007,P1296,11,2026-04-15
DL00850,ASN500108,P1300,132,2026-04-09
DL00821,ASN500030,P1290,145,2026-03-01
DL01204,ASN500065,P1413,98,2026-01-31
DL00719,ASN500001,P1255,82,2026-02-25
DL00574,ASN500006,P1203,74,2026-03-20
DL01086,ASN500028,P1376,120,2026-03-28
DL00935,ASN500067,P1324,96,2026-03-19
DL00202,ASN500091,P1067,111,2026-02-28
DL01182,ASN500025,P1406,5,2026-02-19
DL01004,ASN500006,P1347,32,2026-03-31
DL01196,ASN500023,P1411,89,2026-01-06
DL00017,ASN500004,P1004,180,2026-03-21
DL00529,ASN500126,P1184,100,2026-04-26
DL00961,ASN500005,P1333,60,2026-01-12
DL00199,ASN500069,P1067,109,2026-02-11
DL01081,ASN500064,P1375,101,2026-01-19
DL00918,ASN500008,P1321,14,2026-01-15
DL00999,ASN500041,P1346,140,2026-01-09
DL00115,ASN500127,P1034,177,2026-03-29
DL00195,ASN500123,P1066,21,2026-02-27
DL01025,ASN500034,P1356,82,2026-01-25
DL00903,ASN500131,P1316,139,2026-02-20
DL00196,ASN500025,P1066,106,2026-03-31
DL00466,ASN500044,P1160,30,2026-03-31
DL00633,ASN500061,P1223,90,2026-04-07
DL00726,ASN500132,P1257,135,2026-01-19
DL00700,ASN500010,P1249,157,2026-04-02
DL00465,ASN500117,P1160,165,2026-04-13
DL00442,ASN500007,P1154,10,2026-03-25
DL00885,ASN500057,P1311,143,2026-03-20
DL00590,ASN500134,P1208,78,2026-01-29
DL00490,ASN500008,P1171,7,2026-01-13
DL00658,ASN500056,P1233,171,2026-02-24
DL00818,ASN500089,P1290,81,2026-01-23
DL00258,ASN500092,P1088,120,2026-03-18
DL00674,ASN500039,P1239,111,2026-02-18
DL01171,ASN500090,P1404,36,2026-03-31
DL00891,ASN500100,P1312,144,2026-01-27
DL00381,ASN500031,P1134,121,2026-03-02
DL00057,ASN500086,P1016,106,2026-01-21
DL00683,ASN500117,P1244,78,2026-04-08
DL00232,ASN500112,P1078,50,2026-01-08
DL00979,ASN500080,P1338,19,2026-02-28
DL00603,ASN500126,P1213,28,2026-01-07
DL00525,ASN500023,P1182,51,2026-04-19
DL00400,ASN500015,P1140,8,2026-01-15
DL00902,ASN500065,P1315,36,2026-02-05
DL00990,ASN500133,P1341,140,2026-05-06
DL01125,ASN500012,P1390,165,2026-01-24
DL00092,ASN500055,P1027,28,2026-02-09
DL01074,ASN500135,P1371,98,2026-03-14
DL00866,ASN500109,P1305,141,2026-05-02
DL00950,ASN500077,P1330,48,2026-03-22
DL00065,ASN500038,P1018,68,2026-02-09
DL01121,ASN500003,P1386,31,2026-03-10
DL00435,ASN500125,P1152,68,2026-03-10
DL00275,ASN500077,P1093,32,2026-03-13
DL01163,ASN500066,P1401,88,2026-03-17
DL00030,ASN500126,P1007,102,2026-01-15
DL00178,ASN500025,P1061,172,2026-03-06
DL00229,ASN500078,P1077,171,2026-02-28
DL00032,ASN500011,P1007,162,2026-03-27
DL00731,ASN500082,P1259,41,2026-04-07
DL00550,ASN500007,P1194,17,2026-02-08
DL01001,ASN500054,P1347,167,2026-05-02
DL00289,ASN500015,P1097,141,2026-01-09
DL00214,ASN500041,P1071,138,2026-01-27
DL00570,ASN500014,P1201,51,2026-04-07
DL00815,ASN500124,P1289,176,2026-03-08
DL00236,ASN500017,P1080,37,2026-02-20
DL00825,ASN500052,P1292,16,2026-01-13
DL00544,ASN500065,P1191,86,2026-03-19
DL00339,ASN500073,P1117,48,2026-03-02
DL00349,ASN500091,P1122,29,2026-02-26
DL00812,ASN500043,P1288,96,2026-02-19
DL00302,ASN500009,P1101,36,2026-02-17
DL00830,ASN500018,P1295,16,2026-01-07
DL01044,ASN500069,P1363,50,2026-01-07
DL00920,ASN500100,P1321,126,2026-01-26
DL00479,ASN500105,P1165,145,2026-01-19
DL00551,ASN500131,P1194,170,2026-04-13
DL00041,ASN500030,P1011,145,2026-01-31
DL01141,ASN500013,P1394,85,2026-01-07
DL00610,ASN500030,P1214,96,2026-04-07
DL01035,ASN500081,P1360,21,2026-04-28
DL00605,ASN500068,P1213,68,2026-01-29
DL00457,ASN500022,P1158,15,2026-02-26
DL00061,ASN500019,P1017,97,2026-05-04
DL00516,ASN500101,P1179,124,2026-04-06
DL00840,ASN500037,P1297,80,2026-02-22
DL00458,ASN500103,P1159,144,2026-03-20
DL00143,ASN500093,P1047,126,2026-01-09
DL00783,ASN500105,P1278,11,2026-03-31
DL00645,ASN500068,P1228,178,2026-03-26
DL00469,ASN500079,P1162,148,2026-04-06
DL00877,ASN500106,P1308,97,2026-03-14
DL00224,ASN500031,P1076,43,2026-02-06
DL01026,ASN500090,P1357,29,2026-04-12
DL00985,ASN500039,P1340,173,2026-03-24
DL00074,ASN500087,P1021,77,2026-02-13
DL00530,ASN500095,P1185,166,2026-03-06
DL00717,ASN500010,P1255,110,2026-01-07
DL00024,ASN500116,P1005,22,2026-04-11
DL00827,ASN500079,P1293,119,2026-01-20
DL00081,ASN500056,P1022,120,2026-05-02
DL00822,ASN500039,P1291,158,2026-03-06
DL00583,ASN500061,P1206,65,2026-01-18
DL00693,ASN500109,P1248,7,2026-01-09
DL00936,ASN500135,P1324,154,2026-01-23
DL00097,ASN500000,P1028,23,2026-02-25
DL01008,ASN500096,P1349,173,2026-03-27
DL00230,ASN500063,P1078,113,2026-02-24
DL00884,ASN500125,P1310,63,2026-03-17
DL00623,ASN500069,P1220,36,2026-03-06
DL00280,ASN500062,P1095,43,2026-03-04
DL00522,ASN500066,P1181,138,2026-02-16
DL00620,ASN500118,P1219,138,2026-02-05
DL00927,ASN500119,P1323,104,2026-05-05
DL01169,ASN500038,P1403,52,2026-03-02
DL00879,ASN500101,P1308,71,2026-01-20
DL00894,ASN500014,P1313,108,2026-02-05
DL00960,ASN500068,P1333,65,2026-04-06
DL00628,ASN500118,P1222,106,2026-01-27
DL00394,ASN500004,P1138,168,2026-04-17
DL00721,ASN500050,P1256,49,2026-03-10
DL01087,ASN500122,P1376,49,2026-04-13
DL00663,ASN500085,P1234,61,2026-01-30
DL00135,ASN500096,P1043,100,2026-02-17
DL00295,ASN500044,P1100,135,2026-02-14
DL00391,ASN500051,P1137,137,2026-02-19
DL00665,ASN500101,P1234,8,2026-05-04
DL00841,ASN500047,P1297,168,2026-03-14
DL00905,ASN500090,P1316,30,2026-02-20
DL00035,ASN500077,P1008,164,2026-03-19
DL00290,ASN500103,P1097,52,2026-02-05
DL00128,ASN500013,P1040,59,2026-01-09
DL00513,ASN500021,P1178,143,2026-03-17
DL00245,ASN500073,P1084,47,2026-04-03
DL01063,ASN500000,P1369,126,2026-04-11
DL01124,ASN500106,P1389,154,2026-01-23
DL00228,ASN500116,P1077,145,2026-04-24
DL00155,ASN500126,P1053,38,2026-05-04
DL00136,ASN500113,P1043,48,2026-01-19
DL00859,ASN500131,P1303,112,2026-04-29
DL01118,ASN500084,P1386,104,2026-04-14
DL01147,ASN500052,P1396,19,2026-01-29
DL00805,ASN500115,P1286,135,2026-01-12
DL01079,ASN500082,P1374,102,2026-02-21
DL00747,ASN500062,P1265,27,2026-01-28
DL00875,ASN500114,P1307,26,2026-01-24
DL00220,ASN500056,P1075,163,2026-02-26
DL00909,ASN500114,P1317,10,2026-04-23
DL00443,ASN500084,P1155,29,2026-03-12
DL00592,ASN500104,P1208,60,2026-02-10
DL00242,ASN500129,P1082,101,2026-03-30
DL00684,ASN500090,P1244,79,2026-02-20
DL00588,ASN500087,P1208,135,2026-01-23
DL00873,ASN500135,P1307,167,2026-01-09
DL00004,ASN500051,P1001,68,2026-03-11
DL00515,ASN500079,P1179,160,2026-01-13
DL00069,ASN500052,P1019,25,2026-01-12
DL00888,ASN500018,P1311,117,2026-01-23
DL00068,ASN500007,P1019,166,2026-02-26
DL00699,ASN500099,P1249,123,2026-02-20
DL00347,ASN500020,P1121,130,2026-04-16
DL00219,ASN500041,P1075,168,2026-04-16
DL01194,ASN500019,P1411,100,2026-04-09
DL00952,ASN500078,P1330,69,2026-04-09
DL00686,ASN500098,P1244,170,2026-02-16
DL00424,ASN500115,P1148,93,2026-04-16
DL00534,ASN500052,P1188,149,2026-03-09
DL00754,ASN500089,P1267,146,2026-02-06
DL00943,ASN500089,P1327,145,2026-04-07
DL00147,ASN500065,P1049,54,2026-04-11
DL00893,ASN500023,P1312,40,2026-02-22
DL00730,ASN500003,P1259,180,2026-04-14
DL00191,ASN500052,P1064,7,2026-04-20
DL00886,ASN500028,P1311,136,2026-05-02
DL00359,ASN500112,P1124,70,2026-03-21
DL00345,ASN500054,P1121,64,2026-03-10
DL00826,ASN500071,P1292,82,2026-01-31
DL00512,ASN500127,P1178,93,2026-03-15
DL00959,ASN500065,P1332,144,2026-01-08
DL00410,ASN500032,P1143,125,2026-02-20
DL01101,ASN500095,P1380,16,2026-04-07
DL00860,ASN500016,P1304,117,2026-01-07
DL01007,ASN500096,P1349,109,2026-05-02
DL01153,ASN500040,P1398,42,2026-04-15
DL01049,ASN500010,P1365,172,2026-03-05
DL00994,ASN500102,P1343,28,2026-05-05
DL00414,ASN500071,P1144,96,2026-02-06
DL00794,ASN500111,P1282,176,2026-04-03
DL00121,ASN500074,P1036,134,2026-01-14
DL00709,ASN500044,P1253,33,2026-03-30
DL00761,ASN500113,P1270,124,2026-04-23
DL00650,ASN500078,P1230,93,2026-03-29
DL00741,ASN500080,P1264,6,2026-05-01
DL01123,ASN500051,P1388,90,2026-03-08
DL00661,ASN500077,P1233,161,2026-03-08
DL00170,ASN500031,P1058,80,2026-02-12
DL00315,ASN500054,P1107,105,2026-03-26
DL00114,ASN500078,P1033,19,2026-01-08
DL00729,ASN500110,P1259,20,2026-03-30
DL00828,ASN500083,P1294,118,2026-03-06
DL00855,ASN500122,P1302,53,2026-02-02
DL00423,ASN500036,P1148,64,2026-01-29
DL00849,ASN500012,P1300,60,2026-03-10
DL00695,ASN500127,P1248,81,2026-05-03
DL00618,ASN500007,P1219,9,2026-01-18
DL01084,ASN500022,P1376,75,2026-02-25
DL01031,ASN500060,P1358,56,2026-04-17
DL00562,ASN500009,P1198,45,2026-05-04
DL00897,ASN500117,P1313,81,2026-01-21
DL01057,ASN500065,P1367,161,2026-04-09
DL00908,ASN500065,P1317,95,2026-01-30
DL00250,ASN500065,P1085,133,2026-05-03
DL00272,ASN500058,P1093,161,2026-03-30
DL01013,ASN500127,P1352,60,2026-03-19
DL00617,ASN500079,P1219,69,2026-03-18
DL00363,ASN500077,P1125,163,2026-01-25
DL00313,ASN500135,P1105,6,2026-04-25
DL00581,ASN500073,P1205,35,2026-02-07
DL00715,ASN500015,P1254,166,2026-03-19
DL00847,ASN500094,P1298,69,2026-02-05
DL00545,ASN500022,P1192,176,2026-03-11
DL00043,ASN500074,P1012,122,2026-01-15
DL00013,ASN500037,P1003,16,2026-04-21
DL00790,ASN500039,P1281,102,2026-04-10
DL00461,ASN500048,P1159,126,2026-03-24
DL00266,ASN500132,P1091,69,2026-02-14
DL00125,ASN500126,P1038,161,2026-01-29
DL00646,ASN500069,P1228,165,2026-03-16
DL00872,ASN500035,P1306,81,2026-04-26
DL01168,ASN500023,P1403,55,2026-03-06
DL00831,ASN500119,P1295,129,2026-01-16
DL00543,ASN500101,P1190,35,2026-04-06
DL01160,ASN500075,P1401,64,2026-04-27
DL01058,ASN500061,P1368,55,2026-03-31
DL00735,ASN500049,P1261,120,2026-03-26
DL00372,ASN500118,P1131,13,2026-01-07
DL00402,ASN500067,P1141,32,2026-02-03
DL00282,ASN500037,P1095,175,2026-04-16
DL00079,ASN500041,P1022,24,2026-02-01
DL00771,ASN500098,P1274,12,2026-03-31
DL00422,ASN500064,P1148,160,2026-01-18
DL01133,ASN500078,P1392,82,2026-02-06
DL00869,ASN500084,P1306,160,2026-03-31
DL00573,ASN500107,P1202,110,2026-02-06
DL00678,ASN500105,P1241,31,2026-01-06
DL00482,ASN500002,P1167,180,2026-04-01
DL00549,ASN500090,P1194,20,2026-05-01
DL00776,ASN500128,P1276,81,2026-01-30
DL00286,ASN500113,P1097,159,2026-05-05
DL01095,ASN500045,P1378,83,2026-04-07
DL00046,ASN500023,P1013,41,2026-04-11
DL00323,ASN500093,P1111,56,2026-04-20
DL00914,ASN500097,P1319,41,2026-03-22
DL00798,ASN500028,P1283,14,2026-04-17
DL00164,ASN500083,P1055,46,2026-03-01
DL01100,ASN500032,P1379,113,2026-04-17
DL00419,ASN500083,P1146,40,2026-03-14
DL01138,ASN500118,P1393,173,2026-03-09
DL01088,ASN500038,P1377,6,2026-04-03
DL00462,ASN500015,P1159,133,2026-05-02
DL01061,ASN500083,P1368,180,2026-03-29
DL01166,ASN500039,P1403,169,2026-02-12
DL00949,ASN500116,P1329,108,2026-03-04
DL00209,ASN500003,P1070,18,2026-03-17
DL00116,ASN500107,P1034,25,2026-02-07
DL00274,ASN500000,P1093,150,2026-02-20
DL00484,ASN500033,P1169,125,2026-01-08
DL00987,ASN500066,P1340,127,2026-04-13
DL00813,ASN500023,P1289,56,2026-03-28
DL00395,ASN500094,P1138,138,2026-02-18
DL00328,ASN500073,P1112,127,2026-01-18
DL00404,ASN500134,P1141,61,2026-04-18
DL00371,ASN500071,P1130,57,2026-04-29
DL00267,ASN500080,P1092,5,2026-04-11
DL01023,ASN500035,P1354,81,2026-04-03
DL00112,ASN500062,P1032,126,2026-03-14
DL00413,ASN500047,P1144,128,2026-01-06
DL00449,ASN500087,P1157,113,2026-02-07
DL00951,ASN500016,P1330,41,2026-02-13
DL00329,ASN500025,P1113,170,2026-02-01
DL00636,ASN500013,P1223,88,2026-03-13
DL00203,ASN500093,P1068,169,2026-01-31
DL00487,ASN500037,P1170,26,2026-02-12
DL00967,ASN500087,P1336,39,2026-01-06
DL00913,ASN500074,P1319,180,2026-04-01
DL00317,ASN500043,P1107,42,2026-01-10
DL00279,ASN500040,P1095,39,2026-01-07
DL00192,ASN500104,P1065,178,2026-02-22
DL00711,ASN500107,P1254,166,2026-01-26
DL00986,ASN500084,P1340,63,2026-04-10
DL00369,ASN500077,P1129,81,2026-03-02
DL00991,ASN500070,P1341,38,2026-02-07
DL00796,ASN500073,P1283,15,2026-04-28
DL00393,ASN500052,P1138,126,2026-03-12
DL00995,ASN500007,P1343,164,2026-01-23
DL00305,ASN500133,P1102,72,2026-02-12
DL00602,ASN500132,P1212,93,2026-02-17
DL00055,ASN500080,P1015,35,2026-04-23
DL00930,ASN500085,P1323,63,2026-01-08
DL00320,ASN500007,P1109,12,2026-01-11
DL00698,ASN500132,P1249,180,2026-03-02
DL00350,ASN500101,P1122,27,2026-03-01
DL00631,ASN500134,P1222,14,2026-02-25
DL01097,ASN500082,P1378,70,2026-02-05
DL00127,ASN500014,P1039,157,2026-01-24
DL00412,ASN500096,P1143,180,2026-02-07
DL00287,ASN500132,P1097,131,2026-02-06
DL00712,ASN500134,P1254,79,2026-04-20
DL00099,ASN500063,P1028,32,2026-02-03
DL01016,ASN500072,P1353,27,2026-02-17
DL00332,ASN500065,P1114,77,2026-01-12
DL00664,ASN500131,P1234,144,2026-02-24
DL00569,ASN500093,P1200,41,2026-02-17
DL00738,ASN500112,P1262,18,2026-03-26
DL01010,ASN500067,P1350,116,2026-02-05
DL00780,ASN500118,P1277,165,2026-04-28
DL01214,ASN500055,P1418,64,2026-02-06
DL01119,ASN500117,P1386,35,2026-01-17
DL00862,ASN500075,P1304,6,2026-03-03
DL00053,ASN500115,P1014,108,2026-02-13
DL00597,ASN500126,P1209,75,2026-01-28
DL01132,ASN500107,P1392,179,2026-01-12
DL00576,ASN500066,P1204,130,2026-01-19
DL00356,ASN500008,P1123,94,2026-03-21
DL00804,ASN500128,P1286,165,2026-03-27
DL00096,ASN500108,P1027,126,2026-03-22
DL01041,ASN500135,P1362,95,2026-04-23
DL00385,ASN500108,P1135,128,2026-03-05
DL00296,ASN500016,P1100,81,2026-03-27
DL01110,ASN500134,P1382,111,2026-03-10
DL00015,ASN500129,P1003,40,2026-05-02
DL00281,ASN500024,P1095,21,2026-03-28
DL00989,ASN500116,P1340,148,2026-02-10
DL00667,ASN500083,P1235,130,2026-02-09
DL00072,ASN500073,P1020,129,2026-01-12
DL00940,ASN500036,P1326,179,2026-01-15
DL00312,ASN500137,P1105,125,2026-03-07
DL01050,ASN500139,P1365,77,2026-03-17
DL00638,ASN500108,P1224,174,2026-03-27
DL00917,ASN500038,P1320,129,2026-03-11
DL00773,ASN500099,P1274,27,2026-04-04
DL00244,ASN500028,P1083,54,2026-01-22
DL00117,ASN500108,P1035,99,2026-02-04
DL00037,ASN500124,P1009,73,2026-04-02
DL00745,ASN500056,P1265,110,2026-02-14
DL01011,ASN500090,P1351,57,2026-02-16
DL01021,ASN500092,P1354,16,2026-04-15
DL00123,ASN500049,P1037,64,2026-03-06
DL01070,ASN500067,P1371,72,2026-05-02
DL01113,ASN500121,P1384,50,2026-04-29
DL00626,ASN500103,P1221,40,2026-03-16
DL00742,ASN500116,P1264,82,2026-02-28
DL00606,ASN500093,P1214,14,2026-01-26
DL00546,ASN500100,P1192,51,2026-03-04
DL00910,ASN500112,P1317,34,2026-04-17
DL01195,ASN500041,P1411,97,2026-01-27
DL01054,ASN500098,P1367,109,2026-04-18
DL00156,ASN500127,P1053,51,2026-01-07
DL00853,ASN500041,P1301,40,2026-03-03
DL00519,ASN500022,P1181,142,2026-04-19
DL01176,ASN500124,P1405,76,2026-04-26
DL00772,ASN500037,P1274,84,2026-01-07
DL01053,ASN500107,P1366,103,2026-01-25
DL00207,ASN500023,P1069,108,2026-03-20
DL00722,ASN500068,P1257,170,2026-04-30
DL00514,ASN500124,P1178,102,2026-01-31
DL00931,ASN500063,P1323,122,2026-04-28
DL00504,ASN500079,P1175,154,2026-03-01
DL00213,ASN500037,P1071,94,2026-02-11
DL00360,ASN500059,P1124,37,2026-02-17
DL00001,ASN500055,P1000,96,2026-01-29
DL00019,ASN500010,P1004,39,2026-03-28
DL01080,ASN500031,P1375,109,2026-01-25
DL00801,ASN500100,P1284,162,2026-04-22
DL01179,ASN500120,P1406,74,2026-04-14
DL00388,ASN500083,P1136,7,2026-02-24
DL01038,ASN500045,P1361,62,2026-04-03
DL00653,ASN500136,P1231,42,2026-03-03
DL01024,ASN500028,P1355,43,2026-05-02
DL00632,ASN500013,P1222,97,2026-02-18
DL00808,ASN500048,P1287,16,2026-04-05
DL00720,ASN500025,P1255,155,2026-01-07
DL00460,ASN500027,P1159,6,2026-01-11
DL01202,ASN500062,P1413,46,2026-03-19
DL00743,ASN500064,P1265,131,2026-01-14
DL01201,ASN500030,P1413,88,2026-03-06
DL00682,ASN500028,P1243,102,2026-04-25
DL01122,ASN500055,P1387,149,2026-03-05
DL00799,ASN500081,P1283,58,2026-04-15
DL00378,ASN500110,P1133,151,2026-03-22
DL00770,ASN500131,P1273,28,2026-03-16
DL00086,ASN500051,P1025,10,2026-04-11
DL00444,ASN500124,P1156,41,2026-01-10
DL00248,ASN500064,P1084,45,2026-02-16
DL00496,ASN500037,P1173,34,2026-02-21
DL01103,ASN500010,P1380,80,2026-02-27
DL00835,ASN500082,P1296,7,2026-02-20
DL00906,ASN500083,P1317,159,2026-01-20
DL00384,ASN500102,P1134,166,2026-01-26
DL00556,ASN500026,P1196,125,2026-02-16
DL01206,ASN500032,P1414,66,2026-04-09
DL00688,ASN500047,P1246,142,2026-02-13
DL00599,ASN500049,P1210,154,2026-02-14
DL01207,ASN500136,P1414,133,2026-02-05
DL01172,ASN500053,P1404,172,2026-05-06
DL00807,ASN500032,P1287,130,2026-04-13
DL00725,ASN500031,P1257,42,2026-01-26
DL00171,ASN500068,P1059,100,2026-02-07
DL00438,ASN500127,P1154,175,2026-02-12
DL01117,ASN500010,P1386,179,2026-02-12
DL00687,ASN500127,P1245,102,2026-03-03
DL00299,ASN500119,P1101,25,2026-04-10
DL00937,ASN500024,P1325,56,2026-04-15
DL00614,ASN500135,P1217,142,2026-01-23
DL00842,ASN500043,P1297,31,2026-04-16
DL00858,ASN500072,P1302,23,2026-03-31
DL00974,ASN500106,P1337,16,2026-01-17
DL00227,ASN500030,P1077,104,2026-03-23
DL00034,ASN500084,P1008,70,2026-03-30
DL01002,ASN500088,P1347,104,2026-03-05
DL00616,ASN500046,P1219,47,2026-01-19
DL00010,ASN500039,P1002,173,2026-04-30
DL00625,ASN500028,P1221,36,2026-01-21
DL00874,ASN500048,P1307,61,2026-04-02
DL00696,ASN500137,P1248,84,2026-03-15
DL00468,ASN500003,P1161,99,2026-04-27
DL00179,ASN500009,P1061,31,2026-01-06
DL00832,ASN500084,P1295,149,2026-02-08
DL00777,ASN500016,P1276,84,2026-01-17
DL00702,ASN500134,P1250,63,2026-01-18
DL00809,ASN500066,P1287,49,2026-03-16
DL00803,ASN500089,P1285,113,2026-03-03
DL00103,ASN500009,P1031,170,2026-04-07
DL01178,ASN500022,P1406,56,2026-01-23
DL00485,ASN500062,P1170,120,2026-04-09
DL01151,ASN500042,P1398,132,2026-02-03
DL00938,ASN500025,P1326,97,2026-04-17
DL01197,ASN500077,P1412,43,2026-02-08
DL00492,ASN500020,P1171,104,2026-02-14
DL00476,ASN500114,P1165,22,2026-01-07
DL00517,ASN500065,P1180,155,2026-04-12
DL00140,ASN500110,P1046,27,2026-01-12
DL00238,ASN500129,P1081,135,2026-03-31
DL01089,ASN500033,P1377,98,2026-03-09
DL00613,ASN500126,P1216,119,2026-03-12
DL01051,ASN500105,P1366,73,2026-02-26
DL00791,ASN500010,P1281,146,2026-02-14
DL00892,ASN500049,P1312,149,2026-03-07
DL00338,ASN500137,P1116,149,2026-02-02
DL00955,ASN500077,P1331,153,2026-02-20
DL00109,ASN500057,P1032,158,2026-01-06
DL00621,ASN500026,P1220,94,2026-04-27
DL00532,ASN500088,P1187,76,2026-03-13
DL00277,ASN500077,P1094,155,2026-01-23
DL01017,ASN500001,P1353,129,2026-04-27
DL01009,ASN500057,P1349,12,2026-02-07
DL00333,ASN500094,P1114,87,2026-04-14
DL00716,ASN500027,P1255,95,2026-03-19
DL00190,ASN500052,P1064,70,2026-01-10
DL00843,ASN500079,P1297,162,2026-02-16
DL00749,ASN500001,P1266,79,2026-02-25
DL00104,ASN500077,P1031,37,2026-03-27
DL00408,ASN500057,P1142,42,2026-02-20
DL00129,ASN500036,P1040,111,2026-01-12
DL00142,ASN500138,P1046,119,2026-01-30
DL00676,ASN500070,P1240,137,2026-01-18
DL01077,ASN500039,P1373,174,2026-03-05
DL01019,ASN500115,P1354,59,2026-03-21
DL00078,ASN500030,P1022,47,2026-03-29
DL00983,ASN500023,P1339,96,2026-04-20
DL00006,ASN500022,P1001,41,2026-02-26
DL00137,ASN500000,P1043,25,2026-02-10
DL00679,ASN500105,P1241,145,2026-03-21
DL00450,ASN500013,P1157,79,2026-02-12
DL00406,ASN500033,P1142,22,2026-04-19
DL00418,ASN500098,P1146,19,2026-01-16
DL00288,ASN500042,P1097,5,2026-01-11
DL00706,ASN500087,P1251,140,2026-04-11
DL00310,ASN500084,P1105,158,2026-02-05
DL00343,ASN500088,P1121,136,2026-02-08
DL01048,ASN500002,P1365,88,2026-04-04
DL00304,ASN500111,P1102,180,2026-04-16
DL00502,ASN500085,P1175,160,2026-04-08
DL00181,ASN500095,P1062,15,2026-04-28
DL00067,ASN500095,P1019,114,2026-04-29
DL00834,ASN500111,P1295,130,2026-01-30
DL00844,ASN500047,P1298,170,2026-04-21
DL00651,ASN500042,P1230,35,2026-01-13
DL00023,ASN500125,P1005,72,2026-01-06
DL00375,ASN500075,P1131,123,2026-01-08
DL00946,ASN500094,P1328,67,2026-04-19
DL00173,ASN500063,P1059,52,2026-02-06
DL00701,ASN500089,P1249,120,2026-01-07
DL00622,ASN500024,P1220,50,2026-01-11
DL00358,ASN500082,P1124,48,2026-03-06
