demand_line_id,asn,part_number,delivery_date,quantity_needed,quantity_allocated,quantity_short,buckets_used,status
DL00001,ASN500055,P1000,2026-01-29,96,96,0,3,FULL
DL00002,ASN500000,P1000,2026-02-23,90,90,0,1,FULL
DL00003,ASN500021,P1000,2026-02-10,126,126,0,1,FULL
DL00004,ASN500051,P1001,2026-03-11,68,68,0,1,FULL
DL00005,ASN500001,P1001,2026-02-08,28,28,0,1,FULL
DL00006,ASN500022,P1001,2026-02-26,41,41,0,1,FULL
DL00007,ASN500010,P1001,2026-01-08,105,105,0,1,FULL
DL00008,ASN500076,P1001,2026-03-27,82,82,0,1,FULL
DL00009,ASN500021,P1002,2026-03-14,154,154,0,4,FULL
DL00011,ASN500099,P1003,2026-04-08,88,88,0,1,FULL
DL00012,ASN500126,P1003,2026-02-11,43,43,0,2,FULL
DL00013,ASN500037,P1003,2026-04-21,16,16,0,1,FULL
DL00014,ASN500131,P1003,2026-03-01,165,165,0,3,FULL
DL00015,ASN500129,P1003,2026-05-02,40,40,0,1,FULL
DL00021,ASN500012,P1005,2026-01-08,165,165,0,1,FULL
DL00022,ASN500136,P1005,2026-02-06,179,179,0,1,FULL
DL00023,ASN500125,P1005,2026-01-06,72,72,0,1,FULL
DL00024,ASN500116,P1005,2026-04-11,22,22,0,2,FULL
DL00025,ASN500137,P1006,2026-03-31,28,28,0,1,FULL
DL00026,ASN500134,P1006,2026-04-11,21,21,0,2,FULL
DL00027,ASN500121,P1006,2026-04-19,69,69,0,1,FULL
DL00028,ASN500019,P1006,2026-02-05,72,72,0,1,FULL
DL00029,ASN500052,P1006,2026-04-10,64,64,0,1,FULL
DL00030,ASN500126,P1007,2026-01-15,102,102,0,1,FULL
DL00034,ASN500084,P1008,2026-03-30,70,70,0,1,FULL
DL00035,ASN500077,P1008,2026-03-19,164,164,0,5,FULL
DL00036,ASN500003,P1009,2026-01-13,128,128,0,4,FULL
DL00037,ASN500124,P1009,2026-04-02,73,73,0,1,FULL
DL00038,ASN500055,P1010,2026-03-09,177,177,0,3,FULL
DL00039,ASN500132,P1011,2026-03-06,78,78,0,1,FULL
DL00040,ASN500119,P1011,2026-04-14,124,124,0,1,FULL
DL00041,ASN500030,P1011,2026-01-31,145,145,0,2,FULL
DL00042,ASN500021,P1012,2026-01-08,126,126,0,3,FULL
DL00043,ASN500074,P1012,2026-01-15,122,122,0,1,FULL
DL00044,ASN500129,P1012,2026-02-09,120,120,0,2,FULL
DL00045,ASN500053,P1013,2026-01-15,58,58,0,3,FULL
DL00046,ASN500023,P1013,2026-04-11,41,41,0,1,FULL
DL00047,ASN500134,P1013,2026-02-21,72,72,0,1,FULL
DL00049,ASN500071,P1014,2026-04-06,33,33,0,1,FULL
DL00050,ASN500093,P1014,2026-03-10,64,64,0,1,FULL
DL00051,ASN500124,P1014,2026-01-09,105,105,0,2,FULL
DL00052,ASN500040,P1014,2026-03-09,5,5,0,1,FULL
DL00053,ASN500115,P1014,2026-02-13,108,108,0,4,FULL
DL00054,ASN500106,P1015,2026-02-23,93,93,0,2,FULL
DL00055,ASN500080,P1015,2026-04-23,35,35,0,1,FULL
DL00056,ASN500000,P1016,2026-04-12,88,88,0,3,FULL
DL00062,ASN500070,P1018,2026-02-10,17,17,0,1,FULL
DL00063,ASN500026,P1018,2026-04-22,18,18,0,1,FULL
DL00064,ASN500073,P1018,2026-05-05,167,167,0,1,FULL
DL00066,ASN500130,P1019,2026-01-30,85,85,0,1,FULL
DL00067,ASN500095,P1019,2026-04-29,114,114,0,2,FULL
DL00068,ASN500007,P1019,2026-02-26,166,166,0,3,FULL
DL00069,ASN500052,P1019,2026-01-12,25,25,0,1,FULL
DL00074,ASN500087,P1021,2026-02-13,77,77,0,2,FULL
DL00075,ASN500065,P1021,2026-02-08,172,172,0,2,FULL
DL00076,ASN500103,P1021,2026-02-05,172,172,0,1,FULL
DL00077,ASN500077,P1021,2026-03-18,128,128,0,1,FULL
DL00082,ASN500115,P1023,2026-01-23,114,114,0,1,FULL
DL00083,ASN500049,P1023,2026-01-17,67,67,0,1,FULL
DL00084,ASN500044,P1023,2026-03-18,92,92,0,2,FULL
DL00085,ASN500081,P1024,2026-02-22,66,66,0,3,FULL
DL00086,ASN500051,P1025,2026-04-11,10,10,0,1,FULL
DL00087,ASN500105,P1025,2026-02-27,103,103,0,3,FULL
DL00088,ASN500134,P1025,2026-02-23,58,58,0,1,FULL
DL00089,ASN500086,P1026,2026-03-10,20,20,0,1,FULL
DL00090,ASN500071,P1026,2026-02-21,152,152,0,1,FULL
DL00091,ASN500032,P1026,2026-03-11,180,180,0,4,FULL
DL00092,ASN500055,P1027,2026-02-09,28,28,0,1,FULL
DL00093,ASN500063,P1027,2026-02-26,103,103,0,2,FULL
DL00094,ASN500114,P1027,2026-02-14,115,115,0,1,FULL
DL00097,ASN500000,P1028,2026-02-25,23,23,0,1,FULL
DL00098,ASN500135,P1028,2026-03-04,124,124,0,2,FULL
DL00099,ASN500063,P1028,2026-02-03,32,32,0,1,FULL
DL00100,ASN500039,P1028,2026-03-13,43,43,0,2,FULL
DL00103,ASN500009,P1031,2026-04-07,170,170,0,1,FULL
DL00104,ASN500077,P1031,2026-03-27,37,37,0,1,FULL
DL00105,ASN500064,P1031,2026-03-28,140,140,0,1,FULL
DL00106,ASN500111,P1031,2026-01-18,33,33,0,1,FULL
DL00107,ASN500018,P1031,2026-03-14,81,81,0,1,FULL
DL00108,ASN500049,P1032,2026-02-08,104,104,0,4,FULL
DL00113,ASN500063,P1033,2026-02-27,12,12,0,1,FULL
DL00114,ASN500078,P1033,2026-01-08,19,19,0,3,FULL
DL00115,ASN500127,P1034,2026-03-29,177,177,0,2,FULL
DL00116,ASN500107,P1034,2026-02-07,25,25,0,1,FULL
DL00117,ASN500108,P1035,2026-02-04,99,99,0,2,FULL
DL00118,ASN500126,P1035,2026-04-05,13,13,0,1,FULL
DL00119,ASN500107,P1036,2026-04-03,97,97,0,3,FULL
DL00122,ASN500126,P1037,2026-02-14,56,56,0,3,FULL
DL00123,ASN500049,P1037,2026-03-06,64,64,0,1,FULL
DL00124,ASN500067,P1038,2026-01-19,80,80,0,3,FULL
DL00125,ASN500126,P1038,2026-01-29,161,161,0,2,FULL
DL00126,ASN500124,P1039,2026-05-02,111,111,0,2,FULL
DL00128,ASN500013,P1040,2026-01-09,59,59,0,1,FULL
DL00129,ASN500036,P1040,2026-01-12,111,111,0,1,FULL
DL00130,ASN500015,P1040,2026-02-25,52,52,0,2,FULL
DL00131,ASN500115,P1040,2026-04-09,85,85,0,1,FULL
DL00132,ASN500020,P1041,2026-02-17,47,47,0,2,FULL
DL00135,ASN500096,P1043,2026-02-17,100,100,0,3,FULL
DL00138,ASN500089,P1044,2026-04-29,112,112,0,4,FULL
DL00140,ASN500110,P1046,2026-01-12,27,27,0,1,FULL
DL00147,ASN500065,P1049,2026-04-11,54,54,0,3,FULL
DL00149,ASN500011,P1051,2026-04-11,72,72,0,2,FULL
DL00150,ASN500081,P1051,2026-02-13,75,75,0,1,FULL
DL00151,ASN500000,P1051,2026-05-03,157,157,0,2,FULL
DL00152,ASN500006,P1052,2026-01-19,64,64,0,2,FULL
DL00153,ASN500119,P1053,2026-04-17,103,103,0,2,FULL
DL00154,ASN500064,P1053,2026-04-20,115,115,0,1,FULL
DL00157,ASN500038,P1054,2026-02-05,160,160,0,1,FULL
DL00158,ASN500083,P1054,2026-03-05,86,86,0,1,FULL
DL00159,ASN500092,P1054,2026-01-16,157,157,0,1,FULL
DL00160,ASN500050,P1055,2026-04-12,105,105,0,2,FULL
DL00161,ASN500040,P1055,2026-02-27,68,68,0,1,FULL
DL00162,ASN500016,P1055,2026-01-10,171,171,0,2,FULL
DL00163,ASN500123,P1055,2026-03-16,146,146,0,1,FULL
DL00164,ASN500083,P1055,2026-03-01,46,46,0,1,FULL
DL00165,ASN500018,P1056,2026-03-26,72,72,0,1,FULL
DL00167,ASN500114,P1058,2026-02-04,49,49,0,1,FULL
DL00168,ASN500034,P1058,2026-03-05,111,111,0,1,FULL
DL00169,ASN500060,P1058,2026-04-24,142,142,0,1,FULL
DL00171,ASN500068,P1059,2026-02-07,100,100,0,1,FULL
DL00176,ASN500064,P1061,2026-03-11,67,67,0,1,FULL
DL00177,ASN500134,P1061,2026-03-30,64,64,0,1,FULL
DL00178,ASN500025,P1061,2026-03-06,172,172,0,1,FULL
DL00179,ASN500009,P1061,2026-01-06,31,31,0,1,FULL
DL00180,ASN500059,P1062,2026-05-03,119,119,0,3,FULL
DL00181,ASN500095,P1062,2026-04-28,15,15,0,1,FULL
DL00182,ASN500075,P1062,2026-01-21,64,64,0,1,FULL
DL00184,ASN500049,P1063,2026-02-22,24,24,0,1,FULL
DL00185,ASN500131,P1063,2026-03-04,50,50,0,1,FULL
DL00186,ASN500066,P1063,2026-01-06,175,175,0,3,FULL
DL00189,ASN500087,P1064,2026-01-11,41,41,0,1,FULL
DL00192,ASN500104,P1065,2026-02-22,178,178,0,1,FULL
DL00193,ASN500047,P1065,2026-02-14,163,163,0,2,FULL
DL00194,ASN500019,P1065,2026-01-10,57,57,0,1,FULL
DL00203,ASN500093,P1068,2026-01-31,169,169,0,3,FULL
DL00204,ASN500103,P1069,2026-05-06,57,57,0,3,FULL
DL00208,ASN500117,P1070,2026-01-22,46,46,0,1,FULL
DL00209,ASN500003,P1070,2026-03-17,18,18,0,1,FULL
DL00210,ASN500036,P1070,2026-04-19,169,169,0,3,FULL
DL00211,ASN500022,P1071,2026-03-26,151,151,0,1,FULL
DL00219,ASN500041,P1075,2026-04-16,168,168,0,1,FULL
DL00220,ASN500056,P1075,2026-02-26,163,163,0,2,FULL
DL00221,ASN500050,P1075,2026-01-29,126,126,0,2,FULL
DL00222,ASN500055,P1075,2026-02-26,15,15,0,1,FULL
DL00223,ASN500132,P1075,2026-02-24,45,45,0,1,FULL
DL00224,ASN500031,P1076,2026-02-06,43,43,0,3,FULL
DL00225,ASN500049,P1076,2026-04-29,15,15,0,1,FULL
DL00226,ASN500009,P1076,2026-04-23,175,175,0,1,FULL
DL00227,ASN500030,P1077,2026-03-23,104,104,0,1,FULL
DL00230,ASN500063,P1078,2026-02-24,113,113,0,3,FULL
DL00231,ASN500094,P1078,2026-03-11,119,119,0,1,FULL
DL00232,ASN500112,P1078,2026-01-08,50,50,0,1,FULL
DL00233,ASN500125,P1079,2026-02-05,124,124,0,2,FULL
DL00234,ASN500117,P1080,2026-04-19,50,50,0,3,FULL
DL00235,ASN500121,P1080,2026-01-19,107,107,0,1,FULL
DL00236,ASN500017,P1080,2026-02-20,37,37,0,1,FULL
DL00237,ASN500110,P1080,2026-01-17,98,98,0,2,FULL
DL00238,ASN500129,P1081,2026-03-31,135,135,0,2,FULL
DL00239,ASN500010,P1081,2026-03-28,15,15,0,3,FULL
DL00240,ASN500033,P1081,2026-05-04,26,26,0,1,FULL
DL00241,ASN500080,P1081,2026-01-16,135,135,0,1,FULL
DL00242,ASN500129,P1082,2026-03-30,101,101,0,2,FULL
DL00243,ASN500006,P1083,2026-03-25,21,21,0,2,FULL
DL00245,ASN500073,P1084,2026-04-03,47,47,0,1,FULL
DL00246,ASN500056,P1084,2026-04-22,21,21,0,1,FULL
DL00247,ASN500089,P1084,2026-04-12,161,161,0,3,FULL
DL00248,ASN500064,P1084,2026-02-16,45,45,0,1,FULL
DL00249,ASN500070,P1085,2026-01-24,121,121,0,3,FULL
DL00250,ASN500065,P1085,2026-05-03,133,133,0,2,FULL
DL00251,ASN500122,P1085,2026-03-22,58,58,0,1,FULL
DL00252,ASN500067,P1085,2026-03-11,162,162,0,2,FULL
DL00253,ASN500060,P1085,2026-02-22,86,86,0,1,FULL
DL00254,ASN500050,P1086,2026-02-26,51,51,0,2,FULL
DL00257,ASN500029,P1088,2026-01-12,140,140,0,2,FULL
DL00258,ASN500092,P1088,2026-03-18,120,120,0,1,FULL
DL00259,ASN500133,P1088,2026-04-04,153,153,0,1,FULL
DL00260,ASN500064,P1089,2026-03-27,142,142,0,3,FULL
DL00261,ASN500095,P1090,2026-02-23,72,72,0,1,FULL
DL00262,ASN500094,P1090,2026-01-24,152,152,0,3,FULL
DL00267,ASN500080,P1092,2026-04-11,5,5,0,1,FULL
DL00268,ASN500008,P1092,2026-01-25,61,61,0,1,FULL
DL00276,ASN500136,P1094,2026-02-27,62,62,0,2,FULL
DL00277,ASN500077,P1094,2026-01-23,155,155,0,1,FULL
DL00278,ASN500052,P1094,2026-03-26,98,98,0,1,FULL
DL00279,ASN500040,P1095,2026-01-07,39,39,0,1,FULL
DL00280,ASN500062,P1095,2026-03-04,43,43,0,1,FULL
DL00281,ASN500024,P1095,2026-03-28,21,21,0,1,FULL
DL00282,ASN500037,P1095,2026-04-16,175,175,0,3,FULL
DL00283,ASN500102,P1096,2026-01-07,72,72,0,1,FULL
DL00284,ASN500014,P1096,2026-04-21,170,170,0,2,FULL
DL00285,ASN500089,P1096,2026-03-29,157,157,0,3,FULL
DL00293,ASN500132,P1099,2026-03-29,160,160,0,1,FULL
DL00294,ASN500129,P1099,2026-03-29,170,170,0,1,FULL
DL00295,ASN500044,P1100,2026-02-14,135,135,0,1,FULL
DL00296,ASN500016,P1100,2026-03-27,81,81,0,3,FULL
DL00297,ASN500012,P1100,2026-04-07,127,127,0,3,FULL
DL00298,ASN500137,P1100,2026-02-23,6,6,0,1,FULL
DL00299,ASN500119,P1101,2026-04-10,25,25,0,1,FULL
DL00300,ASN500115,P1101,2026-02-03,49,49,0,1,FULL
DL00301,ASN500026,P1101,2026-02-04,71,71,0,1,FULL
DL00302,ASN500009,P1101,2026-02-17,36,36,0,1,FULL
DL00303,ASN500013,P1102,2026-03-28,73,73,0,1,FULL
DL00304,ASN500111,P1102,2026-04-16,180,180,0,4,FULL
DL00305,ASN500133,P1102,2026-02-12,72,72,0,1,FULL
DL00306,ASN500021,P1103,2026-01-07,134,134,0,2,FULL
DL00307,ASN500043,P1103,2026-05-01,71,71,0,2,FULL
DL00310,ASN500084,P1105,2026-02-05,158,158,0,2,FULL
DL00311,ASN500097,P1105,2026-05-03,166,166,0,2,FULL
DL00312,ASN500137,P1105,2026-03-07,125,125,0,1,FULL
DL00313,ASN500135,P1105,2026-04-25,6,6,0,1,FULL
DL00314,ASN500111,P1106,2026-03-20,64,64,0,3,FULL
DL00315,ASN500054,P1107,2026-03-26,105,105,0,1,FULL
DL00316,ASN500019,P1107,2026-05-02,149,149,0,1,FULL
DL00317,ASN500043,P1107,2026-01-10,42,42,0,1,FULL
DL00318,ASN500028,P1108,2026-03-26,32,32,0,3,FULL
DL00323,ASN500093,P1111,2026-04-20,56,56,0,2,FULL
DL00331,ASN500066,P1114,2026-02-19,10,10,0,2,FULL
DL00332,ASN500065,P1114,2026-01-12,77,77,0,1,FULL
DL00335,ASN500007,P1115,2026-01-09,110,110,0,1,FULL
DL00336,ASN500111,P1115,2026-04-14,137,137,0,1,FULL
DL00337,ASN500025,P1115,2026-03-07,93,93,0,1,FULL
DL00342,ASN500125,P1120,2026-03-10,52,52,0,1,FULL
DL00343,ASN500088,P1121,2026-02-08,136,136,0,2,FULL
DL00344,ASN500040,P1121,2026-04-20,77,77,0,1,FULL
DL00345,ASN500054,P1121,2026-03-10,64,64,0,1,FULL
DL00346,ASN500042,P1121,2026-05-06,33,33,0,1,FULL
DL00347,ASN500020,P1121,2026-04-16,130,130,0,1,FULL
DL00348,ASN500026,P1122,2026-02-16,165,165,0,1,FULL
DL00349,ASN500091,P1122,2026-02-26,29,29,0,1,FULL
DL00350,ASN500101,P1122,2026-03-01,27,27,0,1,FULL
DL00351,ASN500006,P1122,2026-02-01,100,100,0,1,FULL
DL00352,ASN500077,P1122,2026-03-01,72,72,0,1,FULL
DL00353,ASN500128,P1123,2026-02-23,48,48,0,1,FULL
DL00354,ASN500059,P1123,2026-01-22,122,122,0,3,FULL
DL00358,ASN500082,P1124,2026-03-06,48,48,0,1,FULL
DL00359,ASN500112,P1124,2026-03-21,70,70,0,1,FULL
DL00360,ASN500059,P1124,2026-02-17,37,37,0,2,FULL
DL00361,ASN500118,P1124,2026-04-29,169,169,0,1,FULL
DL00362,ASN500129,P1125,2026-02-09,54,54,0,1,FULL
DL00363,ASN500077,P1125,2026-01-25,163,163,0,1,FULL
DL00364,ASN500063,P1126,2026-03-24,88,88,0,1,FULL
DL00365,ASN500133,P1126,2026-01-26,94,94,0,4,FULL
DL00366,ASN500083,P1127,2026-02-08,53,53,0,3,FULL
DL00367,ASN500026,P1127,2026-03-31,47,47,0,2,FULL
DL00368,ASN500050,P1128,2026-01-25,103,103,0,1,FULL
DL00369,ASN500077,P1129,2026-03-02,81,81,0,1,FULL
DL00370,ASN500070,P1129,2026-01-19,55,55,0,1,FULL
DL00371,ASN500071,P1130,2026-04-29,57,57,0,4,FULL
DL00372,ASN500118,P1131,2026-01-07,13,13,0,1,FULL
DL00373,ASN500102,P1131,2026-04-04,116,116,0,1,FULL
DL00374,ASN500056,P1131,2026-03-27,133,133,0,2,FULL
DL00375,ASN500075,P1131,2026-01-08,123,123,0,1,FULL
DL00376,ASN500065,P1132,2026-04-10,159,159,0,1,FULL
DL00377,ASN500103,P1132,2026-04-10,6,6,0,1,FULL
DL00378,ASN500110,P1133,2026-03-22,151,151,0,2,FULL
DL00379,ASN500107,P1133,2026-04-01,63,63,0,1,FULL
DL00380,ASN500058,P1134,2026-01-29,178,178,0,1,FULL
DL00381,ASN500031,P1134,2026-03-02,121,121,0,2,FULL
DL00382,ASN500080,P1134,2026-03-27,71,71,0,1,FULL
DL00383,ASN500025,P1134,2026-02-06,112,112,0,1,FULL
DL00384,ASN500102,P1134,2026-01-26,166,166,0,2,FULL
DL00388,ASN500083,P1136,2026-02-24,7,7,0,2,FULL
DL00390,ASN500139,P1137,2026-01-26,60,60,0,1,FULL
DL00391,ASN500051,P1137,2026-02-19,137,137,0,1,FULL
DL00392,ASN500025,P1137,2026-03-05,152,152,0,1,FULL
DL00393,ASN500052,P1138,2026-03-12,126,126,0,2,FULL
DL00394,ASN500004,P1138,2026-04-17,168,168,0,1,FULL
DL00395,ASN500094,P1138,2026-02-18,138,138,0,1,FULL
DL00396,ASN500105,P1138,2026-02-01,121,121,0,1,FULL
DL00397,ASN500047,P1138,2026-03-12,105,105,0,1,FULL
DL00398,ASN500091,P1139,2026-01-13,168,168,0,3,FULL
DL00399,ASN500070,P1140,2026-02-26,102,102,0,3,FULL
DL00400,ASN500015,P1140,2026-01-15,8,8,0,1,FULL
DL00401,ASN500107,P1140,2026-03-27,112,112,0,2,FULL
DL00402,ASN500067,P1141,2026-02-03,32,32,0,1,FULL
DL00403,ASN500077,P1141,2026-05-06,107,107,0,1,FULL
DL00404,ASN500134,P1141,2026-04-18,61,61,0,1,FULL
DL00413,ASN500047,P1144,2026-01-06,128,128,0,2,FULL
DL00414,ASN500071,P1144,2026-02-06,96,96,0,1,FULL
DL00415,ASN500077,P1144,2026-03-08,87,87,0,1,FULL
DL00416,ASN500124,P1144,2026-03-26,114,114,0,1,FULL
DL00417,ASN500092,P1145,2026-05-04,44,44,0,2,FULL
DL00418,ASN500098,P1146,2026-01-16,19,19,0,1,FULL
DL00419,ASN500083,P1146,2026-03-14,40,40,0,1,FULL
DL00420,ASN500088,P1146,2026-03-21,167,167,0,1,FULL
DL00421,ASN500002,P1147,2026-01-15,58,58,0,1,FULL
DL00422,ASN500064,P1148,2026-01-18,160,160,0,1,FULL
DL00423,ASN500036,P1148,2026-01-29,64,64,0,1,FULL
DL00424,ASN500115,P1148,2026-04-16,93,93,0,1,FULL
DL00425,ASN500053,P1149,2026-04-17,108,108,0,2,FULL
DL00426,ASN500136,P1149,2026-03-25,47,47,0,2,FULL
DL00427,ASN500023,P1150,2026-05-01,176,176,0,3,FULL
DL00428,ASN500076,P1150,2026-03-10,55,55,0,1,FULL
DL00429,ASN500054,P1150,2026-01-16,140,140,0,2,FULL
DL00430,ASN500112,P1150,2026-04-28,176,176,0,2,FULL
DL00432,ASN500107,P1151,2026-04-21,64,64,0,2,FULL
DL00433,ASN500035,P1151,2026-03-10,126,126,0,2,FULL
DL00434,ASN500014,P1151,2026-03-06,128,128,0,2,FULL
DL00435,ASN500125,P1152,2026-03-10,68,68,0,1,FULL
DL00436,ASN500042,P1152,2026-03-23,143,143,0,1,FULL
DL00438,ASN500127,P1154,2026-02-12,175,175,0,1,FULL
DL00439,ASN500119,P1154,2026-03-01,100,100,0,1,FULL
DL00443,ASN500084,P1155,2026-03-12,29,29,0,3,FULL
DL00444,ASN500124,P1156,2026-01-10,41,41,0,1,FULL
DL00448,ASN500053,P1157,2026-03-02,77,77,0,2,FULL
DL00449,ASN500087,P1157,2026-02-07,113,113,0,1,FULL
DL00450,ASN500013,P1157,2026-02-12,79,79,0,3,FULL
DL00451,ASN500090,P1157,2026-02-26,131,131,0,1,FULL
DL00452,ASN500085,P1157,2026-02-09,133,133,0,1,FULL
DL00453,ASN500088,P1158,2026-03-30,57,57,0,4,FULL
DL00454,ASN500126,P1158,2026-02-17,35,35,0,1,FULL
DL00469,ASN500079,P1162,2026-04-06,148,148,0,4,FULL
DL00470,ASN500066,P1162,2026-01-29,82,82,0,1,FULL
DL00471,ASN500008,P1163,2026-01-08,86,86,0,2,FULL
DL00472,ASN500110,P1163,2026-03-29,149,149,0,2,FULL
DL00473,ASN500013,P1163,2026-03-19,132,132,0,2,FULL
DL00474,ASN500133,P1163,2026-04-21,15,15,0,1,FULL
DL00475,ASN500107,P1164,2026-04-05,152,152,0,3,FULL
DL00476,ASN500114,P1165,2026-01-07,22,22,0,1,FULL
DL00477,ASN500099,P1165,2026-03-22,157,157,0,3,FULL
DL00481,ASN500003,P1167,2026-01-06,114,114,0,3,FULL
DL00483,ASN500022,P1168,2026-04-27,60,60,0,2,FULL
DL00484,ASN500033,P1169,2026-01-08,125,125,0,3,FULL
DL00496,ASN500037,P1173,2026-02-21,34,34,0,1,FULL
DL00498,ASN500122,P1174,2026-04-15,103,103,0,3,FULL
DL00499,ASN500115,P1174,2026-04-16,74,74,0,2,FULL
DL00500,ASN500085,P1174,2026-02-10,79,79,0,1,FULL
DL00502,ASN500085,P1175,2026-04-08,160,160,0,1,FULL
DL00503,ASN500003,P1175,2026-03-23,43,43,0,1,FULL
DL00504,ASN500079,P1175,2026-03-01,154,154,0,4,FULL
DL00505,ASN500063,P1175,2026-02-24,101,101,0,1,FULL
DL00507,ASN500115,P1176,2026-04-04,77,77,0,2,FULL
DL00508,ASN500000,P1176,2026-02-08,87,87,0,2,FULL
DL00509,ASN500108,P1177,2026-03-22,45,45,0,1,FULL
DL00512,ASN500127,P1178,2026-03-15,93,93,0,1,FULL
DL00513,ASN500021,P1178,2026-03-17,143,143,0,1,FULL
DL00514,ASN500124,P1178,2026-01-31,102,102,0,1,FULL
DL00515,ASN500079,P1179,2026-01-13,160,160,0,1,FULL
DL00516,ASN500101,P1179,2026-04-06,124,124,0,1,FULL
DL00517,ASN500065,P1180,2026-04-12,155,155,0,1,FULL
DL00518,ASN500002,P1180,2026-03-05,103,103,0,1,FULL
DL00519,ASN500022,P1181,2026-04-19,142,142,0,1,FULL
DL00520,ASN500090,P1181,2026-02-04,21,21,0,1,FULL
DL00521,ASN500101,P1181,2026-03-13,153,153,0,1,FULL
DL00522,ASN500066,P1181,2026-02-16,138,138,0,1,FULL
DL00523,ASN500122,P1181,2026-03-22,134,134,0,1,FULL
DL00524,ASN500048,P1182,2026-01-30,59,59,0,3,FULL
DL00525,ASN500023,P1182,2026-04-19,51,51,0,1,FULL
DL00530,ASN500095,P1185,2026-03-06,166,166,0,1,FULL
DL00538,ASN500033,P1189,2026-04-23,70,70,0,2,FULL
DL00539,ASN500009,P1189,2026-01-31,91,91,0,1,FULL
DL00540,ASN500046,P1189,2026-01-16,101,101,0,2,FULL
DL00541,ASN500007,P1189,2026-01-10,18,18,0,1,FULL
DL00542,ASN500094,P1189,2026-03-09,122,122,0,3,FULL
DL00543,ASN500101,P1190,2026-04-06,35,35,0,1,FULL
DL00544,ASN500065,P1191,2026-03-19,86,86,0,2,FULL
DL00545,ASN500022,P1192,2026-03-11,176,176,0,1,FULL
DL00546,ASN500100,P1192,2026-03-04,51,51,0,1,FULL
DL00547,ASN500094,P1193,2026-04-08,65,65,0,3,FULL
DL00548,ASN500056,P1193,2026-01-10,49,49,0,1,FULL
DL00549,ASN500090,P1194,2026-05-01,20,20,0,2,FULL
DL00550,ASN500007,P1194,2026-02-08,17,17,0,1,FULL
DL00560,ASN500036,P1197,2026-04-30,178,178,0,2,FULL
DL00561,ASN500003,P1197,2026-04-07,124,124,0,1,FULL
DL00562,ASN500009,P1198,2026-05-04,45,45,0,3,FULL
DL00564,ASN500095,P1199,2026-04-15,40,40,0,1,FULL
DL00569,ASN500093,P1200,2026-02-17,41,41,0,2,FULL
DL00570,ASN500014,P1201,2026-04-07,51,51,0,2,FULL
DL00576,ASN500066,P1204,2026-01-19,130,130,0,4,FULL
DL00578,ASN500029,P1205,2026-03-12,44,44,0,1,FULL
DL00579,ASN500014,P1205,2026-04-30,166,166,0,1,FULL
DL00580,ASN500054,P1205,2026-03-08,148,148,0,1,FULL
DL00581,ASN500073,P1205,2026-02-07,35,35,0,1,FULL
DL00582,ASN500093,P1206,2026-02-08,115,115,0,2,FULL
DL00583,ASN500061,P1206,2026-01-18,65,65,0,1,FULL
DL00584,ASN500074,P1207,2026-04-30,111,111,0,2,FULL
DL00585,ASN500041,P1207,2026-04-22,19,19,0,1,FULL
DL00586,ASN500075,P1207,2026-03-28,41,41,0,2,FULL
DL00588,ASN500087,P1208,2026-01-23,135,135,0,1,FULL
DL00589,ASN500113,P1208,2026-04-17,5,5,0,1,FULL
DL00590,ASN500134,P1208,2026-01-29,78,78,0,1,FULL
DL00591,ASN500092,P1208,2026-01-11,116,116,0,2,FULL
DL00592,ASN500104,P1208,2026-02-10,60,60,0,1,FULL
DL00593,ASN500046,P1209,2026-04-23,40,40,0,1,FULL
DL00594,ASN500046,P1209,2026-04-14,138,138,0,2,FULL
DL00600,ASN500002,P1211,2026-04-04,21,21,0,1,FULL
DL00601,ASN500133,P1211,2026-04-23,109,109,0,5,FULL
DL00602,ASN500132,P1212,2026-02-17,93,93,0,2,FULL
DL00606,ASN500093,P1214,2026-01-26,14,14,0,1,FULL
DL00607,ASN500095,P1214,2026-03-23,152,152,0,3,FULL
DL00608,ASN500001,P1214,2026-03-13,96,96,0,1,FULL
DL00611,ASN500082,P1215,2026-03-20,102,102,0,1,FULL
DL00612,ASN500015,P1215,2026-04-27,79,79,0,1,FULL
DL00613,ASN500126,P1216,2026-03-12,119,119,0,4,FULL
DL00614,ASN500135,P1217,2026-01-23,142,142,0,1,FULL
DL00616,ASN500046,P1219,2026-01-19,47,47,0,1,FULL
DL00617,ASN500079,P1219,2026-03-18,69,69,0,1,FULL
DL00618,ASN500007,P1219,2026-01-18,9,9,0,1,FULL
DL00621,ASN500026,P1220,2026-04-27,94,94,0,3,FULL
DL00622,ASN500024,P1220,2026-01-11,50,50,0,1,FULL
DL00623,ASN500069,P1220,2026-03-06,36,36,0,1,FULL
DL00624,ASN500126,P1220,2026-03-11,154,154,0,2,FULL
DL00625,ASN500028,P1221,2026-01-21,36,36,0,3,FULL
DL00633,ASN500061,P1223,2026-04-07,90,90,0,1,FULL
DL00634,ASN500111,P1223,2026-04-18,149,149,0,1,FULL
DL00637,ASN500090,P1224,2026-04-27,68,68,0,1,FULL
DL00638,ASN500108,P1224,2026-03-27,174,174,0,2,FULL
DL00640,ASN500017,P1226,2026-03-02,88,88,0,1,FULL
DL00641,ASN500051,P1226,2026-04-01,134,134,0,4,FULL
DL00642,ASN500057,P1227,2026-02-28,40,40,0,3,FULL
DL00648,ASN500003,P1230,2026-02-05,116,116,0,3,FULL
DL00649,ASN500010,P1230,2026-01-20,78,78,0,2,FULL
DL00657,ASN500139,P1232,2026-04-23,78,78,0,1,FULL
DL00662,ASN500079,P1234,2026-02-06,12,12,0,1,FULL
DL00663,ASN500085,P1234,2026-01-30,61,61,0,1,FULL
DL00666,ASN500041,P1235,2026-02-16,66,66,0,1,FULL
DL00667,ASN500083,P1235,2026-02-09,130,130,0,2,FULL
DL00668,ASN500072,P1235,2026-02-12,60,60,0,1,FULL
DL00669,ASN500005,P1236,2026-03-17,45,45,0,2,FULL
DL00670,ASN500089,P1237,2026-03-31,117,117,0,1,FULL
DL00671,ASN500132,P1238,2026-04-22,104,104,0,1,FULL
DL00672,ASN500090,P1239,2026-03-13,32,32,0,1,FULL
DL00673,ASN500057,P1239,2026-04-10,178,178,0,1,FULL
DL00676,ASN500070,P1240,2026-01-18,137,137,0,1,FULL
DL00677,ASN500121,P1240,2026-04-16,73,73,0,1,FULL
DL00678,ASN500105,P1241,2026-01-06,31,31,0,1,FULL
DL00679,ASN500105,P1241,2026-03-21,145,145,0,2,FULL
DL00680,ASN500127,P1242,2026-03-20,106,106,0,1,FULL
DL00683,ASN500117,P1244,2026-04-08,78,78,0,1,FULL
DL00684,ASN500090,P1244,2026-02-20,79,79,0,2,FULL
DL00685,ASN500100,P1244,2026-03-18,139,139,0,1,FULL
DL00686,ASN500098,P1244,2026-02-16,170,170,0,1,FULL
DL00687,ASN500127,P1245,2026-03-03,102,102,0,4,FULL
DL00692,ASN500062,P1248,2026-02-01,88,88,0,1,FULL
DL00693,ASN500109,P1248,2026-01-09,7,7,0,1,FULL
DL00694,ASN500012,P1248,2026-03-19,70,70,0,2,FULL
DL00695,ASN500127,P1248,2026-05-03,81,81,0,2,FULL
DL00696,ASN500137,P1248,2026-03-15,84,84,0,1,FULL
DL00703,ASN500095,P1251,2026-02-26,133,133,0,4,FULL
DL00708,ASN500019,P1253,2026-03-12,84,84,0,2,FULL
DL00709,ASN500044,P1253,2026-03-30,33,33,0,1,FULL
DL00710,ASN500075,P1253,2026-04-21,92,92,0,1,FULL
DL00711,ASN500107,P1254,2026-01-26,166,166,0,2,FULL
DL00712,ASN500134,P1254,2026-04-20,79,79,0,1,FULL
DL00713,ASN500130,P1254,2026-03-11,58,58,0,1,FULL
DL00714,ASN500048,P1254,2026-01-29,110,110,0,1,FULL
DL00715,ASN500015,P1254,2026-03-19,166,166,0,1,FULL
DL00716,ASN500027,P1255,2026-03-19,95,95,0,2,FULL
DL00717,ASN500010,P1255,2026-01-07,110,110,0,1,FULL
DL00718,ASN500000,P1255,2026-04-06,83,83,0,1,FULL
DL00719,ASN500001,P1255,2026-02-25,82,82,0,1,FULL
DL00720,ASN500025,P1255,2026-01-07,155,155,0,1,FULL
DL00721,ASN500050,P1256,2026-03-10,49,49,0,4,FULL
DL00722,ASN500068,P1257,2026-04-30,170,170,0,2,FULL
DL00723,ASN500136,P1257,2026-01-24,136,136,0,3,FULL
DL00727,ASN500025,P1258,2026-01-27,24,24,0,3,FULL
DL00728,ASN500125,P1259,2026-03-25,124,124,0,2,FULL
DL00729,ASN500110,P1259,2026-03-30,20,20,0,1,FULL
DL00730,ASN500003,P1259,2026-04-14,180,180,0,1,FULL
DL00731,ASN500082,P1259,2026-04-07,41,41,0,1,FULL
DL00732,ASN500060,P1259,2026-02-10,95,95,0,1,FULL
DL00733,ASN500008,P1260,2026-03-27,73,73,0,2,FULL
DL00735,ASN500049,P1261,2026-03-26,120,120,0,2,FULL
DL00736,ASN500098,P1261,2026-01-12,10,10,0,1,FULL
DL00738,ASN500112,P1262,2026-03-26,18,18,0,1,FULL
DL00739,ASN500063,P1263,2026-01-11,62,62,0,4,FULL
DL00741,ASN500080,P1264,2026-05-01,6,6,0,1,FULL
DL00743,ASN500064,P1265,2026-01-14,131,131,0,4,FULL
DL00748,ASN500091,P1266,2026-01-29,102,102,0,4,FULL
DL00749,ASN500001,P1266,2026-02-25,79,79,0,1,FULL
DL00750,ASN500092,P1267,2026-02-17,34,34,0,1,FULL
DL00751,ASN500136,P1267,2026-02-17,103,103,0,3,FULL
DL00755,ASN500048,P1268,2026-02-11,124,124,0,4,FULL
DL00756,ASN500088,P1268,2026-03-02,65,65,0,2,FULL
DL00757,ASN500008,P1268,2026-04-01,76,76,0,1,FULL
DL00758,ASN500006,P1268,2026-04-19,92,92,0,1,FULL
DL00759,ASN500061,P1269,2026-01-17,38,38,0,2,FULL
DL00760,ASN500050,P1269,2026-03-16,74,74,0,2,FULL
DL00763,ASN500055,P1271,2026-02-23,108,108,0,1,FULL
DL00766,ASN500033,P1272,2026-03-23,71,71,0,2,FULL
DL00774,ASN500059,P1275,2026-01-30,87,87,0,3,FULL
DL00775,ASN500027,P1275,2026-03-18,22,22,0,1,FULL
DL00776,ASN500128,P1276,2026-01-30,81,81,0,4,FULL
DL00779,ASN500072,P1277,2026-02-26,96,96,0,2,FULL
DL00780,ASN500118,P1277,2026-04-28,165,165,0,3,FULL
DL00783,ASN500105,P1278,2026-03-31,11,11,0,1,FULL
DL00787,ASN500056,P1280,2026-01-11,178,178,0,3,FULL
DL00788,ASN500103,P1280,2026-03-24,15,15,0,1,FULL
DL00789,ASN500041,P1280,2026-01-31,115,115,0,1,FULL
DL00790,ASN500039,P1281,2026-04-10,102,102,0,3,FULL
DL00791,ASN500010,P1281,2026-02-14,146,146,0,2,FULL
DL00793,ASN500127,P1282,2026-02-07,138,138,0,1,FULL
DL00794,ASN500111,P1282,2026-04-03,176,176,0,1,FULL
DL00800,ASN500022,P1284,2026-04-04,111,111,0,2,FULL
DL00807,ASN500032,P1287,2026-04-13,130,130,0,1,FULL
DL00808,ASN500048,P1287,2026-04-05,16,16,0,1,FULL
DL00809,ASN500066,P1287,2026-03-16,49,49,0,1,FULL
DL00810,ASN500041,P1287,2026-02-05,168,168,0,1,FULL
DL00811,ASN500139,P1287,2026-02-06,71,71,0,1,FULL
DL00822,ASN500039,P1291,2026-03-06,158,158,0,3,FULL
DL00823,ASN500103,P1291,2026-01-20,57,57,0,1,FULL
DL00824,ASN500003,P1292,2026-03-09,97,97,0,1,FULL
DL00825,ASN500052,P1292,2026-01-13,16,16,0,1,FULL
DL00826,ASN500071,P1292,2026-01-31,82,82,0,2,FULL
DL00827,ASN500079,P1293,2026-01-20,119,119,0,2,FULL
DL00828,ASN500083,P1294,2026-03-06,118,118,0,4,FULL
DL00829,ASN500092,P1294,2026-01-27,79,79,0,1,FULL
DL00830,ASN500018,P1295,2026-01-07,16,16,0,1,FULL
DL00831,ASN500119,P1295,2026-01-16,129,129,0,1,FULL
DL00832,ASN500084,P1295,2026-02-08,149,149,0,1,FULL
DL00833,ASN500027,P1295,2026-03-09,170,170,0,1,FULL
DL00834,ASN500111,P1295,2026-01-30,130,130,0,1,FULL
DL00835,ASN500082,P1296,2026-02-20,7,7,0,1,FULL
DL00836,ASN500023,P1296,2026-02-11,169,169,0,3,FULL
DL00837,ASN500064,P1296,2026-02-06,172,172,0,1,FULL
DL00838,ASN500020,P1296,2026-04-11,40,40,0,1,FULL
DL00839,ASN500007,P1296,2026-04-15,11,11,0,1,FULL
DL00840,ASN500037,P1297,2026-02-22,80,80,0,1,FULL
DL00844,ASN500047,P1298,2026-04-21,170,170,0,2,FULL
DL00849,ASN500012,P1300,2026-03-10,60,60,0,2,FULL
DL00850,ASN500108,P1300,2026-04-09,132,132,0,2,FULL
DL00851,ASN500040,P1300,2026-03-24,81,81,0,2,FULL
DL00852,ASN500020,P1300,2026-04-04,41,41,0,1,FULL
DL00855,ASN500122,P1302,2026-02-02,53,53,0,3,FULL
DL00856,ASN500095,P1302,2026-01-10,5,5,0,1,FULL
DL00859,ASN500131,P1303,2026-04-29,112,112,0,3,FULL
DL00868,ASN500020,P1306,2026-04-08,20,20,0,1,FULL
DL00869,ASN500084,P1306,2026-03-31,160,160,0,2,FULL
DL00870,ASN500076,P1306,2026-03-20,149,149,0,2,FULL
DL00871,ASN500107,P1306,2026-03-08,99,99,0,1,FULL
DL00872,ASN500035,P1306,2026-04-26,81,81,0,1,FULL
DL00876,ASN500095,P1308,2026-03-21,147,147,0,1,FULL
DL00877,ASN500106,P1308,2026-03-14,97,97,0,2,FULL
DL00878,ASN500061,P1308,2026-03-03,149,149,0,1,FULL
DL00879,ASN500101,P1308,2026-01-20,71,71,0,1,FULL
DL00880,ASN500058,P1308,2026-04-29,51,51,0,1,FULL
DL00881,ASN500028,P1309,2026-04-26,61,61,0,1,FULL
DL00882,ASN500064,P1309,2026-01-18,171,171,0,1,FULL
DL00889,ASN500129,P1312,2026-03-27,34,34,0,1,FULL
DL00890,ASN500131,P1312,2026-03-05,31,31,0,1,FULL
DL00891,ASN500100,P1312,2026-01-27,144,144,0,1,FULL
DL00892,ASN500049,P1312,2026-03-07,149,149,0,2,FULL
DL00893,ASN500023,P1312,2026-02-22,40,40,0,1,FULL
DL00894,ASN500014,P1313,2026-02-05,108,108,0,1,FULL
DL00895,ASN500012,P1313,2026-01-11,100,100,0,1,FULL
DL00896,ASN500003,P1313,2026-02-02,157,157,0,2,FULL
DL00897,ASN500117,P1313,2026-01-21,81,81,0,1,FULL
DL00898,ASN500034,P1313,2026-05-02,114,114,0,1,FULL
DL00900,ASN500043,P1315,2026-04-11,98,98,0,1,FULL
DL00901,ASN500087,P1315,2026-01-07,179,179,0,2,FULL
DL00902,ASN500065,P1315,2026-02-05,36,36,0,1,FULL
DL00903,ASN500131,P1316,2026-02-20,139,139,0,4,FULL
DL00904,ASN500125,P1316,2026-04-20,16,16,0,1,FULL
DL00905,ASN500090,P1316,2026-02-20,30,30,0,1,FULL
DL00906,ASN500083,P1317,2026-01-20,159,159,0,2,FULL
DL00907,ASN500008,P1317,2026-02-06,177,177,0,3,FULL
DL00908,ASN500065,P1317,2026-01-30,95,95,0,1,FULL
DL00909,ASN500114,P1317,2026-04-23,10,10,0,1,FULL
DL00910,ASN500112,P1317,2026-04-17,34,34,0,1,FULL
DL00912,ASN500047,P1319,2026-03-17,43,43,0,1,FULL
DL00913,ASN500074,P1319,2026-04-01,180,180,0,2,FULL
DL00914,ASN500097,P1319,2026-03-22,41,41,0,1,FULL
DL00915,ASN500137,P1320,2026-03-03,73,73,0,2,FULL
DL00916,ASN500003,P1320,2026-02-18,11,11,0,1,FULL
DL00918,ASN500008,P1321,2026-01-15,14,14,0,2,FULL
DL00919,ASN500046,P1321,2026-04-20,163,163,0,2,FULL
DL00920,ASN500100,P1321,2026-01-26,126,126,0,1,FULL
DL00921,ASN500114,P1321,2026-02-04,105,105,0,1,FULL
DL00922,ASN500132,P1322,2026-02-21,24,24,0,1,FULL
DL00923,ASN500084,P1322,2026-02-02,140,140,0,1,FULL
DL00924,ASN500079,P1322,2026-03-22,38,38,0,1,FULL
DL00925,ASN500011,P1322,2026-01-27,59,59,0,1,FULL
DL00926,ASN500092,P1322,2026-02-17,124,124,0,1,FULL
DL00927,ASN500119,P1323,2026-05-05,104,104,0,2,FULL
DL00928,ASN500090,P1323,2026-01-06,85,85,0,1,FULL
DL00929,ASN500085,P1323,2026-03-08,153,153,0,2,FULL
DL00930,ASN500085,P1323,2026-01-08,63,63,0,1,FULL
DL00931,ASN500063,P1323,2026-04-28,122,122,0,2,FULL
DL00932,ASN500011,P1324,2026-01-24,166,166,0,1,FULL
DL00933,ASN500036,P1324,2026-02-24,74,74,0,3,FULL
DL00934,ASN500069,P1324,2026-03-11,21,21,0,1,FULL
DL00935,ASN500067,P1324,2026-03-19,96,96,0,1,FULL
DL00938,ASN500025,P1326,2026-04-17,97,97,0,3,FULL
DL00939,ASN500072,P1326,2026-04-27,65,65,0,1,FULL
DL00940,ASN500036,P1326,2026-01-15,179,179,0,1,FULL
DL00941,ASN500077,P1326,2026-04-10,92,92,0,1,FULL
DL00945,ASN500082,P1328,2026-03-11,128,128,0,1,FULL
DL00946,ASN500094,P1328,2026-04-19,67,67,0,1,FULL
DL00950,ASN500077,P1330,2026-03-22,48,48,0,1,FULL
DL00951,ASN500016,P1330,2026-02-13,41,41,0,1,FULL
DL00952,ASN500078,P1330,2026-04-09,69,69,0,1,FULL
DL00953,ASN500087,P1330,2026-05-03,23,23,0,1,FULL
DL00954,ASN500020,P1331,2026-01-28,154,154,0,3,FULL
DL00955,ASN500077,P1331,2026-02-20,153,153,0,2,FULL
DL00956,ASN500091,P1332,2026-04-08,114,114,0,1,FULL
DL00957,ASN500017,P1332,2026-02-15,129,129,0,1,FULL
DL00958,ASN500044,P1332,2026-04-30,75,75,0,1,FULL
DL00959,ASN500065,P1332,2026-01-08,144,144,0,1,FULL
DL00960,ASN500068,P1333,2026-04-06,65,65,0,1,FULL
DL00962,ASN500114,P1334,2026-04-30,56,56,0,1,FULL
DL00963,ASN500072,P1334,2026-03-29,133,133,0,1,FULL
DL00964,ASN500025,P1334,2026-02-05,55,55,0,1,FULL
DL00965,ASN500014,P1334,2026-03-23,38,38,0,1,FULL
DL00966,ASN500020,P1335,2026-04-19,23,23,0,2,FULL
DL00967,ASN500087,P1336,2026-01-06,39,39,0,1,FULL
DL00968,ASN500048,P1336,2026-03-15,74,74,0,1,FULL
DL00969,ASN500003,P1336,2026-02-16,168,168,0,1,FULL
DL00970,ASN500007,P1336,2026-02-16,59,59,0,1,FULL
DL00971,ASN500083,P1336,2026-03-30,11,11,0,1,FULL
DL00976,ASN500065,P1338,2026-04-27,123,123,0,1,FULL
DL00977,ASN500003,P1338,2026-05-04,11,11,0,1,FULL
DL00980,ASN500084,P1339,2026-01-17,45,45,0,1,FULL
DL00981,ASN500004,P1339,2026-02-01,44,44,0,1,FULL
DL00982,ASN500036,P1339,2026-04-14,140,140,0,1,FULL
DL00983,ASN500023,P1339,2026-04-20,96,96,0,1,FULL
DL00984,ASN500092,P1339,2026-02-19,113,113,0,1,FULL
DL00985,ASN500039,P1340,2026-03-24,173,173,0,1,FULL
DL00986,ASN500084,P1340,2026-04-10,63,63,0,1,FULL
DL00987,ASN500066,P1340,2026-04-13,127,127,0,1,FULL
DL00988,ASN500008,P1340,2026-02-14,170,170,0,1,FULL
DL00989,ASN500116,P1340,2026-02-10,148,148,0,1,FULL
DL00994,ASN500102,P1343,2026-05-05,28,28,0,2,FULL
DL00996,ASN500015,P1344,2026-03-11,144,144,0,3,FULL
DL00997,ASN500046,P1345,2026-05-06,71,71,0,1,FULL
DL00998,ASN500093,P1345,2026-05-01,43,43,0,1,FULL
DL01001,ASN500054,P1347,2026-05-02,167,167,0,4,FULL
DL01002,ASN500088,P1347,2026-03-05,104,104,0,2,FULL
DL01003,ASN500054,P1347,2026-04-17,87,87,0,1,FULL
DL01004,ASN500006,P1347,2026-03-31,32,32,0,1,FULL
DL01005,ASN500016,P1348,2026-05-02,170,170,0,1,FULL
DL01011,ASN500090,P1351,2026-02-16,57,57,0,2,FULL
DL01013,ASN500127,P1352,2026-03-19,60,60,0,1,FULL
DL01014,ASN500040,P1352,2026-04-26,127,127,0,2,FULL
DL01015,ASN500068,P1352,2026-04-21,39,39,0,1,FULL
DL01019,ASN500115,P1354,2026-03-21,59,59,0,2,FULL
DL01020,ASN500013,P1354,2026-04-24,58,58,0,2,FULL
DL01021,ASN500092,P1354,2026-04-15,16,16,0,1,FULL
DL01022,ASN500112,P1354,2026-03-02,51,51,0,1,FULL
DL01023,ASN500035,P1354,2026-04-03,81,81,0,1,FULL
DL01025,ASN500034,P1356,2026-01-25,82,82,0,5,FULL
DL01026,ASN500090,P1357,2026-04-12,29,29,0,1,FULL
DL01027,ASN500043,P1357,2026-04-03,123,123,0,1,FULL
DL01028,ASN500101,P1357,2026-02-28,28,28,0,1,FULL
DL01029,ASN500086,P1357,2026-05-03,169,169,0,2,FULL
DL01030,ASN500101,P1357,2026-04-30,90,90,0,1,FULL
DL01033,ASN500059,P1360,2026-03-02,152,152,0,2,FULL
DL01034,ASN500026,P1360,2026-01-12,10,10,0,1,FULL
DL01035,ASN500081,P1360,2026-04-28,21,21,0,1,FULL
DL01036,ASN500028,P1360,2026-03-09,35,35,0,1,FULL
DL01037,ASN500034,P1360,2026-03-01,139,139,0,1,FULL
DL01038,ASN500045,P1361,2026-04-03,62,62,0,2,FULL
DL01039,ASN500037,P1362,2026-04-10,167,167,0,3,FULL
DL01044,ASN500069,P1363,2026-01-07,50,50,0,4,FULL
DL01045,ASN500068,P1364,2026-01-11,22,22,0,1,FULL
DL01046,ASN500050,P1364,2026-01-12,135,135,0,2,FULL
DL01047,ASN500104,P1364,2026-02-21,147,147,0,3,FULL
DL01048,ASN500002,P1365,2026-04-04,88,88,0,1,FULL
DL01049,ASN500010,P1365,2026-03-05,172,172,0,2,FULL
DL01050,ASN500139,P1365,2026-03-17,77,77,0,1,FULL
DL01051,ASN500105,P1366,2026-02-26,73,73,0,1,FULL
DL01052,ASN500108,P1366,2026-03-16,86,86,0,2,FULL
DL01053,ASN500107,P1366,2026-01-25,103,103,0,4,FULL
DL01054,ASN500098,P1367,2026-04-18,109,109,0,1,FULL
DL01055,ASN500036,P1367,2026-01-06,167,167,0,1,FULL
DL01056,ASN500061,P1367,2026-03-11,160,160,0,2,FULL
DL01057,ASN500065,P1367,2026-04-09,161,161,0,1,FULL
DL01058,ASN500061,P1368,2026-03-31,55,55,0,1,FULL
DL01059,ASN500029,P1368,2026-04-23,27,27,0,1,FULL
DL01060,ASN500008,P1368,2026-02-26,17,17,0,1,FULL
DL01061,ASN500083,P1368,2026-03-29,180,180,0,2,FULL
DL01062,ASN500080,P1369,2026-03-20,121,121,0,1,FULL
DL01063,ASN500000,P1369,2026-04-11,126,126,0,1,FULL
DL01064,ASN500120,P1369,2026-02-18,135,135,0,1,FULL
DL01065,ASN500139,P1369,2026-02-05,102,102,0,1,FULL
DL01066,ASN500090,P1370,2026-02-25,21,21,0,1,FULL
DL01070,ASN500067,P1371,2026-05-02,72,72,0,1,FULL
DL01071,ASN500121,P1371,2026-03-13,94,94,0,1,FULL
DL01072,ASN500122,P1371,2026-02-03,151,151,0,2,FULL
DL01073,ASN500036,P1371,2026-05-04,21,21,0,1,FULL
DL01074,ASN500135,P1371,2026-03-14,98,98,0,1,FULL
DL01077,ASN500039,P1373,2026-03-05,174,174,0,2,FULL
DL01078,ASN500045,P1373,2026-04-21,168,168,0,2,FULL
DL01079,ASN500082,P1374,2026-02-21,102,102,0,2,FULL
DL01080,ASN500031,P1375,2026-01-25,109,109,0,3,FULL
DL01081,ASN500064,P1375,2026-01-19,101,101,0,2,FULL
DL01082,ASN500093,P1375,2026-03-31,96,96,0,1,FULL
DL01083,ASN500133,P1375,2026-02-13,138,138,0,1,FULL
DL01084,ASN500022,P1376,2026-02-25,75,75,0,1,FULL
DL01085,ASN500074,P1376,2026-04-04,119,119,0,1,FULL
DL01086,ASN500028,P1376,2026-03-28,120,120,0,1,FULL
DL01087,ASN500122,P1376,2026-04-13,49,49,0,1,FULL
DL01088,ASN500038,P1377,2026-04-03,6,6,0,1,FULL
DL01089,ASN500033,P1377,2026-03-09,98,98,0,1,FULL
DL01090,ASN500133,P1377,2026-02-05,174,174,0,2,FULL
DL01091,ASN500094,P1377,2026-02-18,138,138,0,1,FULL
DL01092,ASN500097,P1377,2026-01-08,69,69,0,1,FULL
DL01093,ASN500051,P1378,2026-03-20,5,5,0,1,FULL
DL01094,ASN500066,P1378,2026-03-22,19,19,0,2,FULL
DL01098,ASN500112,P1379,2026-03-14,28,28,0,2,FULL
DL01099,ASN500126,P1379,2026-01-31,27,27,0,2,FULL
DL01101,ASN500095,P1380,2026-04-07,16,16,0,1,FULL
DL01102,ASN500113,P1380,2026-02-21,101,101,0,2,FULL
DL01103,ASN500010,P1380,2026-02-27,80,80,0,2,FULL
DL01104,ASN500065,P1381,2026-02-05,95,95,0,1,FULL
DL01105,ASN500098,P1381,2026-01-22,153,153,0,1,FULL
DL01106,ASN500049,P1381,2026-02-22,153,153,0,1,FULL
DL01107,ASN500016,P1381,2026-02-01,175,175,0,1,FULL
DL01111,ASN500027,P1383,2026-03-19,156,156,0,1,FULL
DL01112,ASN500118,P1384,2026-02-28,116,116,0,1,FULL
DL01113,ASN500121,P1384,2026-04-29,50,50,0,1,FULL
DL01116,ASN500059,P1385,2026-02-26,56,56,0,3,FULL
DL01117,ASN500010,P1386,2026-02-12,179,179,0,2,FULL
DL01118,ASN500084,P1386,2026-04-14,104,104,0,2,FULL
DL01119,ASN500117,P1386,2026-01-17,35,35,0,1,FULL
DL01120,ASN500056,P1386,2026-03-20,24,24,0,1,FULL
DL01121,ASN500003,P1386,2026-03-10,31,31,0,1,FULL
DL01123,ASN500051,P1388,2026-03-08,90,90,0,1,FULL
DL01132,ASN500107,P1392,2026-01-12,179,179,0,4,FULL
DL01133,ASN500078,P1392,2026-02-06,82,82,0,1,FULL
DL01134,ASN500097,P1392,2026-04-25,116,116,0,2,FULL
DL01135,ASN500138,P1392,2026-02-14,70,70,0,1,FULL
DL01136,ASN500051,P1392,2026-01-12,38,38,0,1,FULL
DL01139,ASN500036,P1394,2026-05-05,98,98,0,4,FULL
DL01144,ASN500112,P1395,2026-01-31,79,79,0,3,FULL
DL01146,ASN500103,P1396,2026-02-01,118,118,0,3,FULL
DL01147,ASN500052,P1396,2026-01-29,19,19,0,1,FULL
DL01148,ASN500111,P1396,2026-01-21,168,168,0,1,FULL
DL01149,ASN500012,P1396,2026-04-26,40,40,0,1,FULL
DL01150,ASN500127,P1397,2026-01-07,51,51,0,2,FULL
DL01151,ASN500042,P1398,2026-02-03,132,132,0,1,FULL
DL01152,ASN500075,P1398,2026-03-15,59,59,0,1,FULL
DL01153,ASN500040,P1398,2026-04-15,42,42,0,1,FULL
DL01154,ASN500052,P1398,2026-01-18,137,137,0,1,FULL
DL01155,ASN500119,P1398,2026-01-31,29,29,0,1,FULL
DL01156,ASN500012,P1399,2026-02-03,111,111,0,3,FULL
DL01157,ASN500113,P1400,2026-03-01,180,180,0,2,FULL
DL01158,ASN500039,P1400,2026-05-04,19,19,0,1,FULL
DL01159,ASN500034,P1400,2026-01-26,15,15,0,1,FULL
DL01160,ASN500075,P1401,2026-04-27,64,64,0,3,FULL
DL01164,ASN500038,P1402,2026-02-04,175,175,0,1,FULL
DL01165,ASN500100,P1402,2026-02-16,13,13,0,1,FULL
DL01166,ASN500039,P1403,2026-02-12,169,169,0,2,FULL
DL01167,ASN500057,P1403,2026-03-16,172,172,0,3,FULL
DL01168,ASN500023,P1403,2026-03-06,55,55,0,2,FULL
DL01169,ASN500038,P1403,2026-03-02,52,52,0,1,FULL
DL01170,ASN500102,P1404,2026-01-10,34,34,0,2,FULL
DL01171,ASN500090,P1404,2026-03-31,36,36,0,1,FULL
DL01172,ASN500053,P1404,2026-05-06,172,172,0,1,FULL
DL01185,ASN500115,P1408,2026-02-06,128,128,0,1,FULL
DL01186,ASN500084,P1408,2026-01-28,98,98,0,3,FULL
DL01187,ASN500028,P1408,2026-04-19,81,81,0,2,FULL
DL01188,ASN500116,P1409,2026-04-11,29,29,0,2,FULL
DL01189,ASN500028,P1410,2026-03-23,46,46,0,1,FULL
DL01190,ASN500100,P1410,2026-01-10,123,123,0,2,FULL
DL01191,ASN500008,P1410,2026-03-12,15,15,0,1,FULL
DL01192,ASN500024,P1410,2026-03-29,110,110,0,1,FULL
DL01193,ASN500033,P1410,2026-03-20,111,111,0,1,FULL
DL01194,ASN500019,P1411,2026-04-09,100,100,0,3,FULL
DL01195,ASN500041,P1411,2026-01-27,97,97,0,2,FULL
DL01196,ASN500023,P1411,2026-01-06,89,89,0,1,FULL
DL01197,ASN500077,P1412,2026-02-08,43,43,0,2,FULL
DL01198,ASN500024,P1412,2026-04-28,32,32,0,1,FULL
DL01199,ASN500061,P1412,2026-01-25,34,34,0,2,FULL
DL01200,ASN500127,P1412,2026-03-15,74,74,0,2,FULL
DL01201,ASN500030,P1413,2026-03-06,88,88,0,1,FULL
DL01202,ASN500062,P1413,2026-03-19,46,46,0,1,FULL
DL01203,ASN500137,P1413,2026-03-11,15,15,0,1,FULL
DL01204,ASN500065,P1413,2026-01-31,98,98,0,1,FULL
DL01205,ASN500072,P1413,2026-03-18,108,108,0,1,FULL
DL01206,ASN500032,P1414,2026-04-09,66,66,0,2,FULL
DL01207,ASN500136,P1414,2026-02-05,133,133,0,1,FULL
DL01212,ASN500132,P1418,2026-02-12,33,33,0,1,FULL
DL01213,ASN500030,P1418,2026-03-31,26,26,0,1,FULL
DL01214,ASN500055,P1418,2026-02-06,64,64,0,3,FULL
DL01215,ASN500131,P1418,2026-04-21,20,20,0,1,FULL
